id,semantic_groups,uri,preflabel,name,synonyms,description
FlyBase:FBal0231851,genotype,http://flybase.org/reports/FBal0231851,Appl[KK102543],Appl[KK102543],NA,NA
MONDO:0007088,disease,http://purl.obolibrary.org/obo/MONDO_0007088,Alzheimer disease type 1,Alzheimer disease type 1,NA,NA
WormBase:WBGene00019613,gene,https://www.wormbase.org/get?name=WBGene00019613,K10B4.1,Uncharacterized protein,NA,NA
WormBase:WBGene00017968,gene,https://www.wormbase.org/get?name=WBGene00017968,skpo-3,ShKT domain-containing protein,NA,NA
WormBase:WBGene00016700,gene,https://www.wormbase.org/get?name=WBGene00016700,C46A5.4,Uncharacterized protein,NA,NA
WormBase:WBGene00009897,gene,https://www.wormbase.org/get?name=WBGene00009897,skpo-1,Peroxidase skpo-1,NA,NA
HP:0001300,phenotype,http://purl.obolibrary.org/obo/HP_0001300,Parkinsonism,Parkinsonism,NA,NA
HGNC:620,gene,https://www.genenames.org/data/gene-symbol-report/#!/hgnc_id/HGNC:620,APP,amyloid beta precursor protein,AAA|ABETA|ABPP|AD1|APPI|CTFgamma|CVAP|PN-II|PN2|alpha-sAPP|preA4,"This gene encodes a cell surface receptor and transmembrane precursor protein that is cleaved by secretases to form a number of peptides. Some of these peptides are secreted and can bind to the acetyltransferase complex APBB1/TIP60 to promote transcriptional activation, while others form the protein basis of the amyloid plaques found in the brains of patients with Alzheimer disease. In addition, two of the peptides are antimicrobial peptides, having been shown to have bacteriocidal and antifungal activities. Mutations in this gene have been implicated in autosomal dominant Alzheimer disease and cerebroarterial amyloidosis (cerebral amyloid angiopathy). Multiple transcript variants encoding several different isoforms have been found for this gene. [provided by RefSeq, Aug 2014]."
WormBase:WBGene00000149,genotype,https://www.wormbase.org/get?name=WBGene00000149,apl-1,apl-1,NA,NA
WormBase:WBGene00022743,gene,https://www.wormbase.org/get?name=WBGene00022743,mlt-7,Peroxidase mlt-7 light chain,NA,NA
WormBase:WBGene00015841,gene,https://www.wormbase.org/get?name=WBGene00015841,skpo-2,ShK domain and PerOxidase domain containing protein,NA,NA
REACT:R-HSA-445989,pathway,http://www.reactome.org/PathwayBrowser/#/R-HSA-445989,TAK1 activates NFkB by phosphorylation and activation of IKKs complex,TAK1 activates NFkB by phosphorylation and activation of IKKs complex,NA,NA
WormBase:WBGene00008627,gene,https://www.wormbase.org/get?name=WBGene00008627,hpx-2,Heme peroxidase 2 light chain,NA,NA
WormBase:WBGene00011530,gene,https://www.wormbase.org/get?name=WBGene00011530,T06D8.10,Uncharacterized protein,NA,NA
dbSNPIndividual:18952,genotype,http://www.ncbi.nlm.nih.gov/SNP/snp_ind.cgi?ind_id=18952,46;XY;46.XY [AG08554],46;XY;46.XY [AG08554],NA,NA
dbSNP:rs7412,variant,http://www.ncbi.nlm.nih.gov/projects/SNP/snp_ref.cgi?rs=rs7412,rs7412-?,rs7412-?,NA,NA
REACT:R-HSA-879415,pathway,http://www.reactome.org/PathwayBrowser/#/R-HSA-879415,Advanced glycosylation endproduct receptor signaling,Advanced glycosylation endproduct receptor signaling,NA,NA
dbSNPIndividual:10264,genotype,http://www.ncbi.nlm.nih.gov/SNP/snp_ind.cgi?ind_id=10264,APOE;APOE(CYS112 AND ARG158;CYS112ARG); 46;XX [AG11757],APOE;APOE(CYS112 AND ARG158;CYS112ARG); 46;XX [AG11757],NA,NA
HGNC:613,gene,https://www.genenames.org/data/gene-symbol-report/#!/hgnc_id/HGNC:613,APOE (human),NA,NA,NA
ClinVarVariant:599628,variant,http://www.ncbi.nlm.nih.gov/clinvar/variation/599628,NM_000021.4(PSEN1):c.1177G>T (p.Val393Phe),NM_000021.4(PSEN1):c.1177G>T (p.Val393Phe),NA,NA
HGNC:9052,gene,https://www.genenames.org/data/gene-symbol-report/#!/hgnc_id/HGNC:9052,PLAU,"plasminogen activator, urokinase",ATF|BDPLT5|QPD|UPA|URK|u-PA,"This gene encodes a secreted serine protease that converts plasminogen to plasmin. The encoded preproprotein is proteolytically processed to generate A and B polypeptide chains. These chains associate via a single disulfide bond to form the catalytically inactive high molecular weight urokinase-type plasminogen activator (HMW-uPA). HMW-uPA can be further processed into the catalytically active low molecular weight urokinase-type plasminogen activator (LMW-uPA). This low molecular weight form does not bind to the urokinase-type plasminogen activator receptor. Mutations in this gene may be associated with Quebec platelet disorder and late-onset Alzheimer's disease. Alternative splicing results in multiple transcript variants, at least one of which encodes an isoform that is proteolytically processed. [provided by RefSeq, Jan 2016]."
HGNC:7876,gene,https://www.genenames.org/data/gene-symbol-report/#!/hgnc_id/HGNC:7876,NOS3,nitric oxide synthase 3,ECNOS|eNOS,"Nitric oxide is a reactive free radical which acts as a biologic mediator in several processes, including neurotransmission and antimicrobial and antitumoral activities. Nitric oxide is synthesized from L-arginine by nitric oxide synthases. Variations in this gene are associated with susceptibility to coronary spasm. Alternative splicing and the use of alternative promoters results in multiple transcript variants. [provided by RefSeq, Oct 2016]."
dbSNP:rs429358,variant,http://www.ncbi.nlm.nih.gov/projects/SNP/snp_ref.cgi?rs=rs429358,rs429358-C,rs429358-C,NA,NA
dbSNPIndividual:10205,genotype,http://www.ncbi.nlm.nih.gov/SNP/snp_ind.cgi?ind_id=10205,APOE(CYS112 AND ARG158); 46;XX [AG09955],APOE(CYS112 AND ARG158); 46;XX [AG09955],NA,NA
HP:0002511,phenotype,http://purl.obolibrary.org/obo/HP_0002511,Alzheimer disease,Alzheimer disease,NA,NA
REACT:R-HSA-444473,pathway,http://www.reactome.org/PathwayBrowser/#/R-HSA-444473,Formyl peptide receptors bind formyl peptides and many other ligands,Formyl peptide receptors bind formyl peptides and many other ligands,NA,NA
ClinVarVariant:18088,variant,http://www.ncbi.nlm.nih.gov/clinvar/variation/18088,NM_000484.4(APP):c.2149G>A (p.Val717Ile),NM_000484.4(APP):c.2149G>A (p.Val717Ile),NA,NA
REACT:R-HSA-9660826,pathway,http://www.reactome.org/PathwayBrowser/#/R-HSA-9660826,Purinergic signaling in leishmaniasis infection,Purinergic signaling in leishmaniasis infection,NA,NA
ClinVarVariant:599608,variant,http://www.ncbi.nlm.nih.gov/clinvar/variation/599608,NM_005211.3(CSF1R):c.2326C>T (p.His776Tyr),NM_005211.3(CSF1R):c.2326C>T (p.His776Tyr),NA,NA
dbSNPIndividual:10263,genotype,http://www.ncbi.nlm.nih.gov/SNP/snp_ind.cgi?ind_id=10263,APOE(CYS112 AND ARG158); 45;X [AG11756],APOE(CYS112 AND ARG158); 45;X [AG11756],NA,NA
WormBase:WBGene00006620,genotype,https://www.wormbase.org/get?name=WBGene00006620,svh-1,svh-1,NA,NA
HP:0410054,phenotype,http://purl.obolibrary.org/obo/HP_0410054,Decreased level of GABA in serum,Decreased level of GABA in serum,NA,NA
REACT:R-HSA-933542,pathway,http://www.reactome.org/PathwayBrowser/#/R-HSA-933542,TRAF6 mediated NF-kB activation,TRAF6 mediated NF-kB activation,NA,NA
dbSNPIndividual:10265,genotype,http://www.ncbi.nlm.nih.gov/SNP/snp_ind.cgi?ind_id=10265,APOE(CYS112ARG); 46;XY [AG11758],APOE(CYS112ARG); 46;XY [AG11758],NA,NA
ClinVarVariant:18089,variant,http://www.ncbi.nlm.nih.gov/clinvar/variation/18089,NM_000484.4(APP):c.2149G>T (p.Val717Phe),NM_000484.4(APP):c.2149G>T (p.Val717Phe),NA,NA
dbSNPIndividual:10277,genotype,http://www.ncbi.nlm.nih.gov/SNP/snp_ind.cgi?ind_id=10277,APOE;APOE(CYS112 AND ARG158;CYS112ARG); 45;X/46;XX [AG12731],APOE;APOE(CYS112 AND ARG158;CYS112ARG); 45;X/46;XX [AG12731],NA,NA
WormBase:WBGene00019970,gene,https://www.wormbase.org/get?name=WBGene00019970,R08F11.7,Uncharacterized protein,NA,NA
dbSNPIndividual:10224,genotype,http://www.ncbi.nlm.nih.gov/SNP/snp_ind.cgi?ind_id=10224,APOE(CYS112ARG) [AG10956],APOE(CYS112ARG) [AG10956],NA,NA
REACT:R-HSA-432720,pathway,http://www.reactome.org/PathwayBrowser/#/R-HSA-432720,Lysosome Vesicle Biogenesis,Lysosome Vesicle Biogenesis,NA,NA
HGNC:4886,gene,https://www.genenames.org/data/gene-symbol-report/#!/hgnc_id/HGNC:4886,HFE,homeostatic iron regulator,HFE1|HH|HLA-H|MVCD7|TFQTL2,"The protein encoded by this gene is a membrane protein that is similar to MHC class I-type proteins and associates with beta2-microglobulin (beta2M). It is thought that this protein functions to regulate iron absorption by regulating the interaction of the transferrin receptor with transferrin. The iron storage disorder, hereditary haemochromatosis, is a recessive genetic disorder that results from defects in this gene. [provided by RefSeq, May 2022]."
dbSNPIndividual:10079,genotype,http://www.ncbi.nlm.nih.gov/SNP/snp_ind.cgi?ind_id=10079,APOE;APOE(CYS112 AND ARG158;CYS112ARG); 45;X{6}/46;XY{86}/46;XY;del(11)(q2?){8};46;XY [AG04402],APOE;APOE(CYS112 AND ARG158;CYS112ARG); 45;X{6}/46;XY{86}/46;XY;del(11)(q2?){8};46;XY [AG04402],NA,NA
dbSNPIndividual:10208,genotype,http://www.ncbi.nlm.nih.gov/SNP/snp_ind.cgi?ind_id=10208,APOE(CYS112 AND ARG158); 46;XX [AG10009],APOE(CYS112 AND ARG158); 46;XX [AG10009],NA,NA
dbSNPIndividual:10262,genotype,http://www.ncbi.nlm.nih.gov/SNP/snp_ind.cgi?ind_id=10262,APOE;APOE(CYS112 AND ARG158;CYS112ARG); 46;XX [AG11755],APOE;APOE(CYS112 AND ARG158;CYS112ARG); 46;XX [AG11755],NA,NA
ClinVarVariant:10,variant,http://www.ncbi.nlm.nih.gov/clinvar/variation/10,NM_139011.3(HFE):c.77-2168C>G,NM_139011.3(HFE):c.77-2168C>G,NA,NA
HP:0002423,phenotype,http://purl.obolibrary.org/obo/HP_0002423,Long-tract signs,Long-tract signs,NA,NA
HGNC:7218,gene,https://www.genenames.org/data/gene-symbol-report/#!/hgnc_id/HGNC:7218,MPO (human),NA,NA,NA
HGNC:7,gene,https://www.genenames.org/data/gene-symbol-report/#!/hgnc_id/HGNC:7,A2M,alpha-2-macroglobulin,A2MD|CPAMD5|FWP007|S863-7,"The protein encoded by this gene is a protease inhibitor and cytokine transporter. It uses a bait-and-trap mechanism to inhibit a broad spectrum of proteases, including trypsin, thrombin and collagenase. It can also inhibit inflammatory cytokines, and it thus disrupts inflammatory cascades. Mutations in this gene are a cause of alpha-2-macroglobulin deficiency. This gene is implicated in Alzheimer's disease (AD) due to its ability to mediate the clearance and degradation of A-beta, the major component of beta-amyloid deposits. A related pseudogene, which is also located on the p arm of chromosome 12, has been identified. [provided by RefSeq, Nov 2016]."
REACT:R-HSA-114608,publication,http://www.reactome.org/PathwayBrowser/#/R-HSA-114608,Platelet degranulation,Platelet degranulation,NA,NA
dbSNPIndividual:20200,genotype,http://www.ncbi.nlm.nih.gov/SNP/snp_ind.cgi?ind_id=20200,46;del(X)(q25?);Y;t(7;10)(7pter>7q22::10q11.2>10qter;10pter>10q11.2::7q22>7qter)[7]/46;XY;t(8;17)(8pter>8q13::17q23>17qter;17pter>17q23::8q13>8qter)[2]/46;XY[41];46;XY [AG11368],46;del(X)(q25?);Y;t(7;10)(7pter>7q22::10q11.2>10qter;10pter>10q11.2::7q22>7qter)[7]/46;XY;t(8;17)(8pter>8q13::17q23>17qter;17pter>17q23::8q13>8qter)[2]/46;XY[41];46;XY [AG11368],NA,NA
dbSNPIndividual:10248,genotype,http://www.ncbi.nlm.nih.gov/SNP/snp_ind.cgi?ind_id=10248,APOE;APOE(CYS112 AND ARG158;CYS112ARG); 46;XY [AG11414],APOE;APOE(CYS112 AND ARG158;CYS112ARG); 46;XY [AG11414],NA,NA
ClinVarVariant:18091,variant,http://www.ncbi.nlm.nih.gov/clinvar/variation/18091,NM_000484.4(APP):c.2075C>G (p.Ala692Gly),NM_000484.4(APP):c.2075C>G (p.Ala692Gly),NA,NA
REACT:R-HSA-977225,pathway,http://www.reactome.org/PathwayBrowser/#/R-HSA-977225,Amyloid fiber formation,Amyloid fiber formation,NA,NA
REACT:R-HSA-9609523,pathway,http://www.reactome.org/PathwayBrowser/#/R-HSA-9609523,Insertion of tail-anchored proteins into the endoplasmic reticulum membrane,Insertion of tail-anchored proteins into the endoplasmic reticulum membrane,NA,NA
dbSNPIndividual:10221,genotype,http://www.ncbi.nlm.nih.gov/SNP/snp_ind.cgi?ind_id=10221,APOE;APOE(CYS112 AND ARG158;CYS112ARG); 46;XX [AG10891],APOE;APOE(CYS112 AND ARG158;CYS112ARG); 46;XX [AG10891],NA,NA
dbSNPIndividual:10200,genotype,http://www.ncbi.nlm.nih.gov/SNP/snp_ind.cgi?ind_id=10200,APOE(CYS112ARG); 46;XX [AG09714],APOE(CYS112ARG); 46;XX [AG09714],NA,NA
REACT:R-HSA-8862803,pathway,http://www.reactome.org/PathwayBrowser/#/R-HSA-8862803,Deregulated CDK5 triggers multiple neurodegenerative pathways in Alzheimer's disease models,Deregulated CDK5 triggers multiple neurodegenerative pathways in Alzheimer's disease models,NA,NA
ClinVarVariant:18090,variant,http://www.ncbi.nlm.nih.gov/clinvar/variation/18090,NM_000484.4(APP):c.2150T>G (p.Val717Gly),NM_000484.4(APP):c.2150T>G (p.Val717Gly),NA,NA
REACT:R-HSA-8957275,pathway,http://www.reactome.org/PathwayBrowser/#/R-HSA-8957275,Post-translational protein phosphorylation,Post-translational protein phosphorylation,NA,NA
dbSNPIndividual:10209,genotype,http://www.ncbi.nlm.nih.gov/SNP/snp_ind.cgi?ind_id=10209,APOE(CYS112 AND ARG158); 46;XX [AG10039],APOE(CYS112 AND ARG158); 46;XX [AG10039],NA,NA
REACT:R-HSA-381426,pathway,http://www.reactome.org/PathwayBrowser/#/R-HSA-381426,Regulation of Insulin-like Growth Factor (IGF) transport and uptake by Insulin-like Growth Factor Binding Proteins (IGFBPs),Regulation of Insulin-like Growth Factor (IGF) transport and uptake by Insulin-like Growth Factor Binding Proteins (IGFBPs),NA,NA
dbSNPIndividual:10276,genotype,http://www.ncbi.nlm.nih.gov/SNP/snp_ind.cgi?ind_id=10276,APOE;APOE(ARG158CYS;CYS112 AND ARG158); 46;XY [AG12729],APOE;APOE(ARG158CYS;CYS112 AND ARG158); 46;XY [AG12729],NA,NA
WormBase:WBGene00004257,gene,https://www.wormbase.org/get?name=WBGene00004257,pxn-2,Peroxidasin homolog pxn-2,NA,NA
ClinVarVariant:18098,variant,http://www.ncbi.nlm.nih.gov/clinvar/variation/18098,NM_000484.4(APP):c.2078A>G (p.Glu693Gly),NM_000484.4(APP):c.2078A>G (p.Glu693Gly),NA,NA
dbSNPIndividual:10204,genotype,http://www.ncbi.nlm.nih.gov/SNP/snp_ind.cgi?ind_id=10204,APOE(CYS112ARG); 45;X[2]/46;XY[48];46;XY [AG09952],APOE(CYS112ARG); 45;X[2]/46;XY[48];46;XY [AG09952],NA,NA
ClinVarVariant:17864,variant,http://www.ncbi.nlm.nih.gov/clinvar/variation/17864,NM_000041.4(APOE):c.388T>C (p.Cys130Arg),NM_000041.4(APOE):c.388T>C (p.Cys130Arg),NA,NA
dbSNPIndividual:14722,genotype,http://www.ncbi.nlm.nih.gov/SNP/snp_ind.cgi?ind_id=14722,46;XY;t(5;17)(5pter>5q35::17q21>17qter; 17pter>17q21::5q35>5qter) [AG08523],46;XY;t(5;17)(5pter>5q35::17q21>17qter; 17pter>17q21::5q35>5qter) [AG08523],NA,NA
ClinVarVariant:18101,variant,http://www.ncbi.nlm.nih.gov/clinvar/variation/18101,NM_000484.4(APP):c.2080G>A (p.Asp694Asn),NM_000484.4(APP):c.2080G>A (p.Asp694Asn),NA,NA
ClinVarVariant:18105,variant,http://www.ncbi.nlm.nih.gov/clinvar/variation/18105,NM_000484.4(APP):c.2149G>C (p.Val717Leu),NM_000484.4(APP):c.2149G>C (p.Val717Leu),NA,NA
dbSNPIndividual:10188,genotype,http://www.ncbi.nlm.nih.gov/SNP/snp_ind.cgi?ind_id=10188,46;XX/46;XX;2q+;8q+;15q-;15p+/45;X;46;XX/46;XX;t(1;21)(q21;p12);t(11;17) (p15.5;q11.2)/45;X [AG08541],46;XX/46;XX;2q+;8q+;15q-;15p+/45;X;46;XX/46;XX;t(1;21)(q21;p12);t(11;17) (p15.5;q11.2)/45;X [AG08541],NA,NA
HP:0002185,phenotype,http://purl.obolibrary.org/obo/HP_0002185,Neurofibrillary tangles,Neurofibrillary tangles,NA,NA
WormBase:WBGene00004256,genotype,https://www.wormbase.org/get?name=WBGene00004256,pxn-1,pxn-1,NA,NA
dbSNPIndividual:16628,genotype,http://www.ncbi.nlm.nih.gov/SNP/snp_ind.cgi?ind_id=16628,46;XY/46;XY;t(1;19)(1qter>1p34.1:: 19p13.3>19pter;19qter>19p13.3::1p34.1> 1pter) [AG08555],46;XY/46;XY;t(1;19)(1qter>1p34.1:: 19p13.3>19pter;19qter>19p13.3::1p34.1> 1pter) [AG08555],NA,NA
REACT:R-HSA-416476,pathway,http://www.reactome.org/PathwayBrowser/#/R-HSA-416476,G alpha (q) signalling events,G alpha (q) signalling events,NA,NA
dbSNPIndividual:17352,genotype,http://www.ncbi.nlm.nih.gov/SNP/snp_ind.cgi?ind_id=17352,46;XY;46;XY{90}/47.XY.+20{10} [AG06265],46;XY;46;XY{90}/47.XY.+20{10} [AG06265],NA,NA
ClinVarVariant:18093,variant,http://www.ncbi.nlm.nih.gov/clinvar/variation/18093,NM_000484.4(APP):c.2010_2011inv (p.Lys670_Met671delinsAsnLeu),NM_000484.4(APP):c.2010_2011inv (p.Lys670_Met671delinsAsnLeu),NA,NA
dbSNPIndividual:10108,genotype,http://www.ncbi.nlm.nih.gov/SNP/snp_ind.cgi?ind_id=10108,46;XY;t(1;13)(1pter>1q21::13q12>13qter;13pter>13q12::1q21>1qter);inv(2)(pter>p13::q11.2>p13::q11.2>qter);t(2;7)(2qter>2p11::7q36>7qter;7pter>7q36::2p11>2pter);t(3;7)(3qter>3p11::7p21>7pter;7qter>7p21::3p11>3pter)[12]/46;XY;t(4;12)(4qter>4p16::12q21>12qter;12pter>12q21::4p16>4pter)[7]/46;XY[31];46;XY/46;XY;4p+;12q-/46;XY;t(2;8)(p23; q13) [AG06205],46;XY;t(1;13)(1pter>1q21::13q12>13qter;13pter>13q12::1q21>1qter);inv(2)(pter>p13::q11.2>p13::q11.2>qter);t(2;7)(2qter>2p11::7q36>7qter;7pter>7q36::2p11>2pter);t(3;7)(3qter>3p11::7p21>7pter;7qter>7p21::3p11>3pter)[12]/46;XY;t(4;12)(4qter>4p16::12q21>12qter;12pter>12q21::4p16>4pter)[7]/46;XY[31];46;XY/46;XY;4p+;12q-/46;XY;t(2;8)(p23; q13) [AG06205],NA,NA
HP:0000726,phenotype,http://purl.obolibrary.org/obo/HP_0000726,Dementia,Dementia,NA,NA
dbSNPIndividual:10167,genotype,http://www.ncbi.nlm.nih.gov/SNP/snp_ind.cgi?ind_id=10167,APOE(CYS112 AND ARG158); 46;XY [AG08242],APOE(CYS112 AND ARG158); 46;XY [AG08242],NA,NA
WormBase:WBGene00013969,gene,https://www.wormbase.org/get?name=WBGene00013969,tep-1,TEP (ThiolEster containing Protein),NA,NA
dbSNPIndividual:16808,genotype,http://www.ncbi.nlm.nih.gov/SNP/snp_ind.cgi?ind_id=16808,46;XY;t(5;17)(5pter>5q35::17q21>17qter; 17pter>17q21::5q35>5qter) [AG08522],46;XY;t(5;17)(5pter>5q35::17q21>17qter; 17pter>17q21::5q35>5qter) [AG08522],NA,NA
ClinVarVariant:18096,variant,http://www.ncbi.nlm.nih.gov/clinvar/variation/18096,NM_000484.4(APP):c.2146A>G (p.Ile716Val),NM_000484.4(APP):c.2146A>G (p.Ile716Val),NA,NA
dbSNPIndividual:21336,genotype,http://www.ncbi.nlm.nih.gov/SNP/snp_ind.cgi?ind_id=21336,46;XY;9qh+/46;XY;9qh+;t(4;9)(4pter> 4q21::9q34>9qter;9pter>9q34::4q21>4qter) [AG06262],46;XY;9qh+/46;XY;9qh+;t(4;9)(4pter> 4q21::9q34>9qter;9pter>9q34::4q21>4qter) [AG06262],NA,NA
REACT:R-HSA-844456,pathway,http://www.reactome.org/PathwayBrowser/#/R-HSA-844456,The NLRP3 inflammasome,The NLRP3 inflammasome,NA,NA
dbSNPIndividual:10102,genotype,http://www.ncbi.nlm.nih.gov/SNP/snp_ind.cgi?ind_id=10102,APOE(CYS112ARG); 46;XX [AG05810],APOE(CYS112ARG); 46;XX [AG05810],NA,NA
FlyBase:FBal0150472,genotype,http://flybase.org/reports/FBal0150472,grim[UAS.cYa],grim[UAS.cYa],NA,NA
WormBase:WBGene00008735,genotype,https://www.wormbase.org/get?name=WBGene00008735,F13D2.1,F13D2.1,NA,NA
dbSNPIndividual:10191,genotype,http://www.ncbi.nlm.nih.gov/SNP/snp_ind.cgi?ind_id=10191,APOE(CYS112 AND ARG158); 46;XX [AG08744],APOE(CYS112 AND ARG158); 46;XX [AG08744],NA,NA
ClinVarVariant:9726,variant,http://www.ncbi.nlm.nih.gov/clinvar/variation/9726,m.3397A>G,m.3397A>G,NA,NA
FlyBase:FBal0358409,genotype,http://flybase.org/reports/FBal0358409,Klc[S433D],Klc[S433D],NA,NA
ClinVarVariant:599622,variant,http://www.ncbi.nlm.nih.gov/clinvar/variation/599622,NM_000021.4(PSEN1):c.869-1G>A,NM_000021.4(PSEN1):c.869-1G>A,NA,NA
REACT:R-HSA-3000178,pathway,http://www.reactome.org/PathwayBrowser/#/R-HSA-3000178,ECM proteoglycans,ECM proteoglycans,NA,NA
ClinVarVariant:599629,variant,http://www.ncbi.nlm.nih.gov/clinvar/variation/599629,NM_007126.5(VCP):c.409C>T (p.Pro137Ser),NM_007126.5(VCP):c.409C>T (p.Pro137Ser),NA,NA
WormBase:WBGene00021314,genotype,https://www.wormbase.org/get?name=WBGene00021314,Y32H12A.6,Y32H12A.6,NA,NA
ClinVarVariant:9,variant,http://www.ncbi.nlm.nih.gov/clinvar/variation/9,NM_000410.3(HFE):c.845G>A (p.Cys282Tyr),NM_000410.3(HFE):c.845G>A (p.Cys282Tyr),NA,NA
ClinVarVariant:18095,variant,http://www.ncbi.nlm.nih.gov/clinvar/variation/18095,NM_000484.4(APP):c.1995G>C (p.Glu665Asp),NM_000484.4(APP):c.1995G>C (p.Glu665Asp),NA,NA
ClinVarVariant:599607,variant,http://www.ncbi.nlm.nih.gov/clinvar/variation/599607,NM_005211.3(CSF1R):c.2671G>C (p.Ala891Pro),NM_005211.3(CSF1R):c.2671G>C (p.Ala891Pro),NA,NA
dbSNPIndividual:18319,genotype,http://www.ncbi.nlm.nih.gov/SNP/snp_ind.cgi?ind_id=18319,46;XY/46;X;-Y;+mar/46;XY;t(2;3)(2pter> 2q37::3q21>3qter;3pter>3q21::2q37>2qter) [AG08527],46;XY/46;X;-Y;+mar/46;XY;t(2;3)(2pter> 2q37::3q21>3qter;3pter>3q21::2q37>2qter) [AG08527],NA,NA
dbSNPIndividual:20392,genotype,http://www.ncbi.nlm.nih.gov/SNP/snp_ind.cgi?ind_id=20392,45;XY;dic(13;19)(p11.3;q13.4){8}/ 46;XY{92};46;XY [AG08526],45;XY;dic(13;19)(p11.3;q13.4){8}/ 46;XY{92};46;XY [AG08526],NA,NA
FlyBase:FBal0103093,genotype,http://flybase.org/reports/FBal0103093,Appl[sd.UAS],Appl[sd.UAS],NA,NA
ClinVarVariant:18102,variant,http://www.ncbi.nlm.nih.gov/clinvar/variation/18102,NM_000484.4(APP):c.2140A>G (p.Thr714Ala),NM_000484.4(APP):c.2140A>G (p.Thr714Ala),NA,NA
ClinVarVariant:18106,variant,http://www.ncbi.nlm.nih.gov/clinvar/variation/18106,NM_000484.4(APP):c.2018C>T (p.Ala673Val),NM_000484.4(APP):c.2018C>T (p.Ala673Val),NA,NA
ClinVarVariant:599611,variant,http://www.ncbi.nlm.nih.gov/clinvar/variation/599611,NM_002087.3(GRN):c.264+1G>A,NM_002087.3(GRN):c.264+1G>A,NA,NA
FlyBase:FBal0028990,genotype,http://flybase.org/reports/FBal0028990,Appl[d],Appl[d],NA,NA
ClinVarVariant:18094,variant,http://www.ncbi.nlm.nih.gov/clinvar/variation/18094,NM_000484.4(APP):c.2137G>A (p.Ala713Thr),NM_000484.4(APP):c.2137G>A (p.Ala713Thr),NA,NA
REACT:R-HSA-418594,pathway,http://www.reactome.org/PathwayBrowser/#/R-HSA-418594,G alpha (i) signalling events,G alpha (i) signalling events,NA,NA
dbSNPIndividual:10226,genotype,http://www.ncbi.nlm.nih.gov/SNP/snp_ind.cgi?ind_id=10226,APOE(CYS112ARG) [AG10984],APOE(CYS112ARG) [AG10984],NA,NA
ClinVarVariant:18100,variant,http://www.ncbi.nlm.nih.gov/clinvar/variation/18100,NM_000484.4(APP):c.2141C>T (p.Thr714Ile),NM_000484.4(APP):c.2141C>T (p.Thr714Ile),NA,NA
ClinVarVariant:599627,variant,http://www.ncbi.nlm.nih.gov/clinvar/variation/599627,NM_000021.4(PSEN1):c.424G>A (p.Val142Ile),NM_000021.4(PSEN1):c.424G>A (p.Val142Ile),NA,NA
dbSNPIndividual:10165,genotype,http://www.ncbi.nlm.nih.gov/SNP/snp_ind.cgi?ind_id=10165,46;XX/47;XX;+7 [AG08110],46;XX/47;XX;+7 [AG08110],NA,NA
ClinVarVariant:127268,variant,http://www.ncbi.nlm.nih.gov/clinvar/variation/127268,NC_000021.7:g.13636378_28138533dup,NC_000021.7:g.13636378_28138533dup,NA,NA
dbSNPIndividual:20692,genotype,http://www.ncbi.nlm.nih.gov/SNP/snp_ind.cgi?ind_id=20692,46;XX;46;XX;der(18)(18pter>18q23::11q13>11qter)[2]/46;XX[48] [AG06264],46;XX;46;XX;der(18)(18pter>18q23::11q13>11qter)[2]/46;XX[48] [AG06264],NA,NA
ClinVarVariant:599625,variant,http://www.ncbi.nlm.nih.gov/clinvar/variation/599625,NM_000021.4(PSEN1):c.1297C>T (p.Pro433Ser),NM_000021.4(PSEN1):c.1297C>T (p.Pro433Ser),NA,NA
dbSNPIndividual:10101,genotype,http://www.ncbi.nlm.nih.gov/SNP/snp_ind.cgi?ind_id=10101,46;XX/47;XX;+21/47;XX;+21;t(4;17)(4pter> 4q29::17q25>17qter;17pter>17q25::4q29> 4qter);46;XX{56}/47;XX;+21{44} [AG05809],46;XX/47;XX;+21/47;XX;+21;t(4;17)(4pter> 4q29::17q25>17qter;17pter>17q25::4q29> 4qter);46;XX{56}/47;XX;+21{44} [AG05809],NA,NA
ClinVarVariant:599624,variant,http://www.ncbi.nlm.nih.gov/clinvar/variation/599624,NM_000021.4(PSEN1):c.510_511insTAT (p.Leu171_Leu172insTyr),NM_000021.4(PSEN1):c.510_511insTAT (p.Leu171_Leu172insTyr),NA,NA
dbSNPIndividual:13855,genotype,http://www.ncbi.nlm.nih.gov/SNP/snp_ind.cgi?ind_id=13855,45;X/46;XY [AG07374],45;X/46;XY [AG07374],NA,NA
ClinVarVariant:18097,variant,http://www.ncbi.nlm.nih.gov/clinvar/variation/18097,NM_000484.4(APP):c.2143G>A (p.Val715Met),NM_000484.4(APP):c.2143G>A (p.Val715Met),NA,NA
dbSNPIndividual:13878,genotype,http://www.ncbi.nlm.nih.gov/SNP/snp_ind.cgi?ind_id=13878,46;XX/46;XX;t(1;7)(1pter>1q25::7p15> 7pter;7qter>7p15::1q25>1qter) [AG04400],46;XX/46;XX;t(1;7)(1pter>1q25::7p15> 7pter;7qter>7p15::1q25>1qter) [AG04400],NA,NA
ClinVarVariant:599620,variant,http://www.ncbi.nlm.nih.gov/clinvar/variation/599620,NM_005910.5(MAPT):c.1084C>T (p.His362Tyr),NM_005910.5(MAPT):c.1084C>T (p.His362Tyr),NA,NA
dbSNPIndividual:10168,genotype,http://www.ncbi.nlm.nih.gov/SNP/snp_ind.cgi?ind_id=10168,46;XY;46;XY{94}/47;XY;+mar{6} [AG08243],46;XY;46;XY{94}/47;XY;+mar{6} [AG08243],NA,NA
ClinVarVariant:599623,variant,http://www.ncbi.nlm.nih.gov/clinvar/variation/599623,NM_000021.4(PSEN1):c.665A>C (p.Gln222Pro),NM_000021.4(PSEN1):c.665A>C (p.Gln222Pro),NA,NA
dbSNPIndividual:10172,genotype,http://www.ncbi.nlm.nih.gov/SNP/snp_ind.cgi?ind_id=10172,46;XY;46;XY[23].arr(1-22)x2;(X;Y)x1 [AG08259],46;XY;46;XY[23].arr(1-22)x2;(X;Y)x1 [AG08259],NA,NA
FlyBase:FBal0198740,genotype,http://flybase.org/reports/FBal0198740,Appl[GD3170],Appl[GD3170],NA,NA
