id,label
ncit:C75216,DITHIAZANINE IODIDE
rxcui:142440,LIDOCAINE HYDROCHLORIDE
MGI:2147834,Slc6a8
wikidata:Q48566821,SULFAMETHOXAZOLE / TRIMETHOPRIM
ncit:C65561,ETHOXZOLAMIDE
rxcui:1545999,OXYTETRACYCLINE ANHYDROUS
chembl:CHEMBL486005,ISOCEPHAELINE
chembl:CHEMBL1242194,CYCLOSTREPTIN
HGNC:10561,ATXN8OS
chembl:CHEMBL269733,DEPHOSTATIN
ncit:C80630,SOTRASTAURIN
rxcui:203179,DOXEPIN HYDROCHLORIDE
iuphar.ligand:8042,VE-821
chembl:CHEMBL576208,CHEMBL:CHEMBL576208
chembl:CHEMBL4583691,LXH254
ncit:C28788,8-AZAGUANINE
MONDO:0100030,adolescent/adult-onset epilepsy syndrome
MONDO:0018211,Balint syndrome
rxcui:221058,AMPICILLIN (ANHYDROUS)
chembl:CHEMBL1329029,TETROQUINONE
ncit:C73334,ETAZOLATE
ncit:C169878,DAVUNETIDE
chembl:CHEMBL578502,CHEMBL:CHEMBL578502
MONDO:0017174,Machado-Joseph disease type 1
ncit:C71750,AMUVATINIB
rxcui:33169,PERHEXILINE MALEATE
rxcui:3131,DEFEROXAMINE
iuphar.ligand:9389,SB590885
rxcui:1430438,AFATINIB
rxcui:1385,BENZBROMARONE
iuphar.ligand:5269,SB203580
ncit:C72927,NAFTOPIDIL
chembl:CHEMBL486196,ANGUSTIBALIN
MONDO:0020047,autosomal recessive syndromic cerebellar ataxia
rxcui:83214,MIBEFRADIL DIHYDROCHLORIDE
drugbank:DB17024,CHELERYTHRINE
rxcui:739,AMSACRINE
MONDO:0006684,brain edema
ncit:C62516,BAFETINIB
chembl:CHEMBL1288831,PESUDOGINSENOSIDE RP1 METHYL ESTER
chembl:CHEMBL234338,CHEMBL:CHEMBL234338
rxcui:1815,BUPIVACAINE
chembl:CHEMBL1306556,CHEMBL:CHEMBL1306556
chembl:CHEMBL602718,CHEMBL:CHEMBL602718
HGNC:4341,GLUL
chembl:CHEMBL1212972,NANAOMYCIN
rxcui:1436,BEPRIDIL
ncit:C158603,IZORLISIB
HGNC:93,ACAT1
chembl:CHEMBL473392,ROBOTNIKININ
HGNC:637,AQP4
rxcui:1652097,FENTANYL HYDROCHLORIDE
rxcui:480167,LAPATINIB
rxcui:8331,PIMOZIDE
ncit:C88585,SOLANEZUMAB
rxcui:267417,CEFSULODIN SODIUM
Reactome:R-HSA-390651,Dopamine receptors
rxcui:4885,GLUTAMINE
ncit:C165479,PICTILISIB
chembl:CHEMBL374632,CHEMBL:CHEMBL374632
UPHENO:0080600,abnormal aggressive behavior
rxcui:1721560,OSIMERTINIB
chembl:CHEMBL66953,PURPUROGALLIN
ncit:C75101,PHENCYCLIDINE HYDROCHLORIDE
ncit:C176765,TIZATERKIB
rxcui:1362743,DIPYRITHIONE
rxcui:1546447,4-PHENYLBUTYRIC ACID
chembl:CHEMBL534353,CHEMBL:CHEMBL534353
chembl:CHEMBL466465,CHEMBL:CHEMBL466465
ncit:C667,MONOAMINE OXIDASE INHIBITOR
iuphar.ligand:8011,KU-0060648
chembl:CHEMBL546797,CHEMBL:CHEMBL546797
HGNC:18418,HYPK
rxcui:3109,DAUNORUBICIN
HGNC:8788,PDE6D
rxcui:31479,NALMEFENE
chembl:CHEMBL2326966,SF-1126
iuphar.ligand:731,HU-210
chembl:CHEMBL548615,CHEMBL:CHEMBL548615
chembl:CHEMBL1453126,CHEMBL:CHEMBL1453126
ncit:C90833,AMFONELIC ACID
rxcui:203146,GOSERELIN ACETATE
HGNC:6407,KRAS
rxcui:7533,NOSCAPINE
chembl:CHEMBL442906,CHEMBL:CHEMBL442906
ncit:C1497,RELCOVAPTAN
rxcui:225852,LEUCOVORIN CALCIUM
ncit:C76770,DORAMAPIMOD
iuphar.ligand:12202,LECANEMAB
rxcui:1307619,BOSUTINIB
rxcui:2534245,TIVOZANIB HYDROCHLORIDE
ncit:C174804,EVENAMIDE
rxcui:236809,GINKGO BILOBA EXTRACT
ncit:C911,TUBERCIDIN
rxcui:662281,NILOTINIB
rxcui:2391541,SATRALIZUMAB
chembl:CHEMBL258893,CHELERYTHRINE CHLORIDE
drugbank:DB16072,ORP-101
ncit:C81088,BUTACLAMOL
rxcui:2395271,SAPANISERTIB
rxcui:10114,STREPTOZOCIN
chembl:CHEMBL530291,CHEMBL:CHEMBL530291
chembl:CHEMBL484662,CHEMBL:CHEMBL484662
ncit:C131335,TEMUTERKIB
HGNC:3942,MTOR
chembl:CHEMBL591137,CHEMBL:CHEMBL591137
rxcui:6054,ISOPROTERENOL
chembl:CHEMBL3678076,EVENAMIDE
ncit:C120474,2-HYDROXYESTRADIOL
rxcui:17652,AMCINONIDE
ncit:C424,DIACETYLMORPHINE
chembl:CHEMBL4297288,HYDRONIDONE
HGNC:4279,GJA5
rxcui:1484518,SIMEPREVIR SODIUM
chembl:CHEMBL4297777,LMB-100
chembl:CHEMBL24510,FUSARIC ACID
HP:0031843,Bradyphrenia
rxcui:7984,PENICILLIN V
rxcui:3554,DISULFIRAM
chembl:CHEMBL531268,CHEMBL:CHEMBL531268
ncit:C121625,SPARTALIZUMAB
chembl:CHEMBL273103,CHEMBL:CHEMBL273103
rxcui:142445,PROMETHAZINE HYDROCHLORIDE
rxcui:11118,VALPROIC ACID
drugbank:DB12196,CP-866087
rxcui:2103478,TRASTUZUMAB-DKST
chembl:CHEMBL576362,CHEMBL:CHEMBL576362
rxcui:253182,"INSULIN, REGULAR, HUMAN"
iuphar.ligand:8475,AZ628
ncit:C338,CAMPTOTHECIN
ncit:C352,CARUBICIN
HGNC:11537,TAF4
ncit:C66468,PROADIFEN HYDROCHLORIDE
HGNC:801,ATP1A3
rxcui:155137,SERTRALINE HYDROCHLORIDE
chembl:CHEMBL1503729,CHEMBL:CHEMBL1503729
chembl:CHEMBL2002849,CHEMBL:CHEMBL2002849
rxcui:1546019,DASATINIB ANHYDROUS
rxcui:2653,COCAINE
HGNC:12827,XPR1
MONDO:0100339,Friedreich ataxia
iuphar.ligand:5674,CHIR-265
drugbank:DB12740,CC-115
iuphar.ligand:6287,ISOVELLERAL
ncit:C174206,CAMONSERTIB
rxcui:1102129,BOCEPREVIR
rxcui:3820,EMETINE
HP:0002519,Hypnagogic hallucinations
chembl:CHEMBL482967,CYC-116
rxcui:877510,ROMIDEPSIN
chembl:CHEMBL603952,CHEMBL:CHEMBL603952
ncit:C152843,VEDROPREVIR
HGNC:12698,VLDLR
Reactome:R-HSA-390650,Histamine receptors
MONDO:0007089,Alzheimer disease 2
ncit:C152224,RINUCUMAB
CHEBI:25698,ether
ncit:C65800,GARENOXACIN
rxcui:218337,METHADONE HYDROCHLORIDE
rxcui:6814,METHADYL ACETATE
chembl:CHEMBL1899565,GEOPYXIN A
HP:0002367,Visual hallucinations
rxcui:1362696,BUTYRIC ACID
rxcui:1601374,PALBOCICLIB
chembl:CHEMBL525103,CHEMBL:CHEMBL525103
MONDO:0002254,syndromic disease
chembl:CHEMBL361506,PENTAMIDINE ISETHIONATE
chembl:CHEMBL490125,SCHISANHENOL
ncit:C65338,CLIOXANIDE
rxcui:4815,GLYBURIDE
ncit:C1237,STAUROSPORINE
ncit:C84870,UPROSERTIB
HP:0012049,Laryngeal dystonia
HGNC:870,ATP7B
CHEBI:16919,creatine
ncit:C102746,PARP/TANKYRASE INHIBITOR 2X-121
MONDO:0019114,psychogenic movement disorders
iuphar.ligand:10383,ARS-1620
rxcui:10517,THIRAM
CHEBI:7735,olanzapine
MONDO:0015547,hereditary dementia
Reactome:R-DME-71403,Citric acid cycle (TCA cycle)
Reactome:R-RNO-211945,Phase I - Functionalization of compounds
chembl:CHEMBL599100,CHEMBL:CHEMBL599100
UPHENO:0080596,abnormal impulsive behavior
chembl:CHEMBL585656,CHEMBL:CHEMBL585656
MONDO:0700089,paroxysmal nonkinesigenic dyskinesia 1
HGNC:9770,RAB30
HP:0030051,Tip-toe gait
rxcui:1349278,METENKEFALIN
chembl:CHEMBL606532,CHEMBL:CHEMBL606532
HP:0100785,Insomnia
rxcui:1922436,CERLIPONASE ALFA
chembl:CHEMBL430893,(-)-ROLIPRAM
ncit:C2049,INDIBULIN
rxcui:7804,OXYCODONE
rxcui:3390,DIETHYLSTILBESTROL
chembl:CHEMBL1077108,FUROSPONGOLIDE
chembl:CHEMBL530115,GUTHION
rxcui:1425098,TRAMETINIB DIMETHYL SULFOXIDE
rxcui:6693,MEFENAMIC ACID
ncit:C74065,SIROLIMUS ALBUMIN-BOUND NANOPARTICLES
rxcui:103755,MEPERIDINE HYDROCHLORIDE
rxcui:253453,PEGINTERFERON ALFA-2B
chembl:CHEMBL578504,CHEMBL:CHEMBL578504
iuphar.ligand:9814,CCT241161
ncit:C48378,SARACATINIB
iuphar.ligand:3431,AHPN
chembl:CHEMBL262083,N6-PHENYLADENOSINE
ncit:C166519,ELPETRIGINE
ncit:C65911,INDECAINIDE HYDROCHLORIDE
rxcui:288088,CETRIMIDE
MONDO:0002280,anemia
MONDO:0023388,pityriasis rotunda
chembl:CHEMBL280998,CATECHOL
ncit:C171746,FALDAPREVIR
ncit:C83849,ISTAROXIME
UBERON:0010709,pelvic complex
rxcui:2570387,SAMIDORPHAN L-MALATE
HP:0010543,Opsoclonus
chembl:CHEMBL528694,CHEMBL:CHEMBL528694
chembl:CHEMBL600313,CHEMBL:CHEMBL600313
HP:0007350,Hyperreflexia in upper limbs
rxcui:2049122,BINIMETINIB
HP:0007272,Progressive psychomotor deterioration
iuphar.ligand:8285,S(+)-APOMORPHINE
ncit:C211,THERAPEUTIC CORTICOSTEROID
ncit:C90565,BUPARLISIB
chembl:CHEMBL3545332,CEP-2563
rxcui:8463,PODOFILOX
HP:0020045,Esodeviation
chembl:CHEMBL581677,CHEMBL:CHEMBL581677
HGNC:16031,RNF31
CHEBI:16389,ubiquinones
ncit:C116355,BERZOSERTIB
ncit:C79564,CEFQUINOME
MONDO:0023076,eosinophilic pustular folliculitis
ncit:C134697,PRALUZATAMAB RAVTANSINE
HP:0000713,Agitation
rxcui:2197862,ENTRECTINIB
rxcui:2020,CARBIMAZOLE
rxcui:153973,LEVORPHANOL TARTRATE
chembl:CHEMBL409225,CHEMBL:CHEMBL409225
rxcui:2265690,CENOBAMATE
rxcui:227221,ETIDOCAINE HYDROCHLORIDE
rxcui:6964,MIFEPRISTONE
rxcui:23796,EBASTINE
drugbank:DB17042,PD-98059
ncit:C171872,DANOPREVIR
rxcui:1734630,GRAZOPREVIR
drugbank:DB07159,TAMATINIB
chembl:CHEMBL528807,CHEMBL:CHEMBL528807
chembl:CHEMBL3545196,PD-0166285
HGNC:8607,PRKN
iuphar.ligand:1514,PEPTIDE YY
rxcui:1193326,RUXOLITINIB
ncit:C72138,AXOMADOL
rxcui:10753,TRETINOIN
ncit:C47967,CEFAMANDOLE SODIUM
iuphar.ligand:8224,TRYPTANTHRIN
chembl:CHEMBL1076184,CIMIRACEMATE A
rxcui:236594,AMPHOTERICIN B LIPOSOMAL
drugbank:DB05959,ENMD-1198
ncit:C91711,TREBANANIB
chembl:CHEMBL585502,CHEMBL:CHEMBL585502
rxcui:141704,EVEROLIMUS
rxcui:22713,DEZOCINE
rxcui:203128,MIDAZOLAM HYDROCHLORIDE
chembl:CHEMBL3039511,BEVENOPRAN
HGNC:886,ATRX
Reactome:R-CEL-71403,Citric acid cycle (TCA cycle)
HP:0000735,Impaired social interactions
chembl:CHEMBL1797711,CHEMBL:CHEMBL1797711
ncit:C80864,SANGUINARIUM CHLORIDE
chembl:CHEMBL530280,CHEMBL:CHEMBL530280
HGNC:4283,GJB1
iuphar.ligand:8325,ADUCANUMAB
rxcui:214470,DENILEUKIN DIFTITOX
ncit:C152162,REBASTINIB
UPHENO:0080281,decreased social inhibition
chembl:CHEMBL493863,CHEMBL:CHEMBL493863
HP:0033206,Hyperactive Achilles reflex
rxcui:3247,DESIPRAMINE
HP:0007307,Rapid neurologic deterioration
rxcui:1872251,BRODALUMAB
MP:0030631,abnormal urine creatine level
chembl:CHEMBL532160,CHEMBL:CHEMBL532160
rxcui:4023,ERGOT ALKALOIDS
drugbank:DB03083,IC261
rxcui:20473,CEFAMANDOLE NAFATE
HP:0031705,Compensatory head posture
chembl:CHEMBL606460,CHEMBL:CHEMBL606460
chembl:CHEMBL4650283,FF-10101
rxcui:31476,NAFTIFINE
ncit:C72626,NITREFAZOLE
rxcui:4077,ESTAZOLAM
rxcui:6711,MELATONIN
chembl:CHEMBL458094,CHEMBL:CHEMBL458094
chembl:CHEMBL581044,CHEMBL:CHEMBL581044
rxcui:1442981,IBRUTINIB
HP:0025401,Staring gaze
chembl:CHEMBL580819,CHEMBL:CHEMBL580819
ncit:C74059,REFAMETINIB
chembl:CHEMBL1095515,SCLEROTIORIN
ncit:C116748,VANDORTUZUMAB VEDOTIN
rxcui:35623,RILUZOLE
MONDO:0016987,neuroacanthocytosis
chembl:CHEMBL1221911,LACTIMIDOMYCIN
iuphar.ligand:5282,U0126
rxcui:203188,METHYLPHENIDATE HYDROCHLORIDE
ncit:C75147,HELIOMYCIN
MONDO:0005401,colonic neoplasm
rxcui:3248,DESLANOSIDE
rxcui:155036,MECHLORETHAMINE HYDROCHLORIDE
MONDO:0014688,short-rib thoracic dysplasia 14 with polydactyly
chembl:CHEMBL1304363,CHEMBL:CHEMBL1304363
HGNC:1388,CACNA1A
chembl:CHEMBL1372368,MUNDULONE ACETATE
HGNC:15894,PANK2
rxcui:2584303,ASCIMINIB HYDROCHLORIDE
drugbank:DB05297,PACLITAXEL DOCOSAHEXAENOIC ACID
MONDO:0007256,hepatocellular carcinoma
rxcui:58964,SUFENTANIL CITRATE
drugbank:DB05887,TAFA-93
HP:0002527,Falls
HP:0100025,Overfriendliness
HP:0001336,Myoclonus
HP:0002540,Inability to walk
chembl:CHEMBL3545296,ARQ-736
rxcui:142439,HYDROCODONE BITARTRATE
HGNC:2345,CREB1
chembl:CHEMBL4297935,RG-7841
ncit:C76199,DOVITINIB
iuphar.ligand:5149,BROMOENOL LACTONE
HP:0002375,Hypokinesia
chembl:CHEMBL1585652,CHEMBL:CHEMBL1585652
drugbank:DB06656,TAS-106
UPHENO:0079838,abnormal impulsive behavior
rxcui:3008,CYCLOSPORINE
iuphar.ligand:4862,AG1478
drugbank:DB16773,TYRPHOSTIN AG 555
rxcui:9893,NAFCILLIN SODIUM
UPHENO:0048707,increased level of chemical entity
ncit:C274,ANTINEOPLASTIC AGENT
chembl:CHEMBL1221986,WITHAFERIN A
ncit:C101524,INDUSATUMAB VEDOTIN
rxcui:7396,NICARDIPINE
HP:0010533,Spasmus nutans
MONDO:0014004,"basal ganglia calcification, idiopathic, 4"
rxcui:83213,MIBEFRADIL
MONDO:0042980,Westphal disease
rxcui:2274378,TAZEMETOSTAT
ncit:C170326,PIROMELATINE
ncit:C275,ANTIOXIDANT
chembl:CHEMBL1485809,CHEMBL:CHEMBL1485809
ncit:C155322,BRAF INHIBITOR
ncit:C60770,OBATOCLAX
HP:5200068,Socially innappropriate questioning
chembl:CHEMBL392068,CHEMBL:CHEMBL392068
chembl:CHEMBL1939691,CHEMBL:CHEMBL1939691
rxcui:1450910,CEFACLOR ANHYDROUS
rxcui:266565,NELFINAVIR MESYLATE
rxcui:337525,ERLOTINIB
rxcui:1043181,ELLAGIC ACID
MONDO:0024542,"cerebellar ataxia, intellectual disability, and dysequilibrium syndrome 1"
chembl:CHEMBL4297523,PIROMELATINE
MONDO:0011487,Huntington disease-like 3
rxcui:8640,PREDNISONE
rxcui:1652103,ASUNAPREVIR
HP:0025068,Incomitant strabismus
ncit:C66938,CROLIBULIN
chembl:CHEMBL578944,CHEMBL:CHEMBL578944
rxcui:6387,LIDOCAINE
rxcui:6757,MEPHENYTOIN
MONDO:0014628,"basal ganglia calcification, idiopathic, 6"
chembl:CHEMBL579045,CHEMBL:CHEMBL579045
CHEBI:176497,geroprotector
MONDO:0016318,progressive multifocal leukoencephalopathy
rxcui:3290,DEXTROMORAMIDE
UPHENO:0051763,abnormal multicellular organism chemical entity level
chembl:CHEMBL597874,CHEMBL:CHEMBL597874
iuphar.ligand:969,(-)-N-PORPHYNORAPOMORPHINE
HGNC:18246,CRYL1
chembl:CHEMBL239439,CHEMBL:CHEMBL239439
chembl:CHEMBL539027,FLUNARIZINE DIHYDROCHLORIDE
HP:0200136,Oral-pharyngeal dysphagia
rxcui:5879,INTERFERON ALFA-2A
ncit:C132017,ENAPOTAMAB VEDOTIN
rxcui:115238,BECAPLERMIN
NBO:0000119,impulsive behavior
ncit:C121817,SAMOTOLISIB
Reactome:R-DDI-71403,Citric acid cycle (TCA cycle)
rxcui:32624,OXCARBAZEPINE
rxcui:236913,LEVOMETHADONE
HGNC:11140,SNCB
chembl:CHEMBL85139,RUTAECARPINE
iuphar.ligand:9693,BAY 61-3606
MONDO:0100096,COVID-19
chembl:CHEMBL338474,HELENALIN
MONDO:0010375,"developmental and epileptic encephalopathy, 8"
rxcui:3435,IODOQUINOL
chembl:CHEMBL533602,CHEMBL:CHEMBL533602
ncit:C645,METHYLNITROSOUREA
chembl:CHEMBL3545385,WX-037
ncit:C83721,FOSBRETABULIN TROMETHAMINE
chembl:CHEMBL592068,CHEMBL:CHEMBL592068
MP:0010061,increased creatine level
chembl:CHEMBL577419,CHEMBL:CHEMBL577419
rxcui:8704,PROCHLORPERAZINE
HP:0011347,Abnormality of ocular abduction
HGNC:9187,POLR2A
rxcui:47324,BRAIN-DERIVED NEUROTROPHIC FACTOR
chembl:CHEMBL1213646,CALCDPWW
rxcui:71227,PHENYTOIN SODIUM
chembl:CHEMBL582073,CHEMBL:CHEMBL582073
ncit:C128634,THAPSIGARGIN
ncit:C61072,SAGOPILONE
chembl:CHEMBL549208,CHEMBL:CHEMBL549208
rxcui:235413,ANILERIDINE HYDROCHLORIDE
ncit:C61081,"3,4-METHYLENEDIOXYMETHAMPHETAMINE"
HP:0001824,Weight loss
rxcui:236069,NALMEFENE HYDROCHLORIDE
HGNC:4313,GLDC
chembl:CHEMBL5095344,CEBSULFASE ALFA
rxcui:1547545,PEMBROLIZUMAB
ncit:C88580,GANTENERUMAB
HP:5200123,Abnormal response to social norms
rxcui:56946,PACLITAXEL
iuphar.ligand:5998,JNK INHIBITOR VIII
MONDO:0005618,anxiety disorder
rxcui:39998,ZONISAMIDE
chembl:CHEMBL589694,CHEMBL:CHEMBL589694
chembl:CHEMBL252417,CHEMBL:CHEMBL252417
ncit:C49175,NOTCH SIGNALING PATHWAY INHIBITOR MK0752
chembl:CHEMBL3301576,PEGPLERANIB SODIUM
ncit:C99172,MIRANSERTIB
ncit:C247,ACE INHIBITOR
chembl:CHEMBL2063687,CHEMBL:CHEMBL2063687
iuphar.ligand:333,N-DESMETHYLCLOZAPINE
rxcui:5095,HALOTHANE
chembl:CHEMBL1256708,APOMORPHINE HYDROCHLORIDE HEMIHYDRATE
rxcui:190521,ABACAVIR
rxcui:59763,STAVUDINE
rxcui:3455,DIMETHYL SULFOXIDE
HP:0011477,Upbeat nystagmus
iuphar.ligand:8943,LY3009120
chembl:CHEMBL81782,CHEMBL:CHEMBL81782
iuphar.ligand:8900,SR9011
rxcui:1546021,CEFIXIME ANHYDROUS
rxcui:91188,DYCLONINE HYDROCHLORIDE
rxcui:203203,ALFENTANIL HYDROCHLORIDE
HGNC:10548,ATXN1
HP:0000708,Atypical behavior
chembl:CHEMBL192627,CHLORANIL
HP:0031957,Spastic hemiparetic gait
HGNC:4851,HTT
ncit:C68930,ANTI-HIF-1ALPHA LNA ANTISENSE OLIGONUCLEOTIDE EZN-2968
MONDO:0001444,Chagas disease
drugbank:DB17099,SY-5609
HP:0012470,Setting-sun eye phenomenon
rxcui:7814,OXYMORPHONE
iuphar.ligand:5037,PD173074
Reactome:R-XTR-211945,Phase I - Functionalization of compounds
chembl:CHEMBL3545401,X-82
ncit:C82383,NIROGACESTAT
rxcui:159821,OXYCODONE TEREPHTHALATE
chembl:CHEMBL1486690,PYRONIN Y
chembl:CHEMBL601757,CHEMBL:CHEMBL601757
HP:0004305,Involuntary movements
rxcui:1347,BECLOMETHASONE
rxcui:736680,DRONEDARONE HYDROCHLORIDE
MONDO:0005292,colitis
drugbank:DB16886,TANSHINONE I
ncit:C78480,OMBRABULIN
chembl:CHEMBL1526167,CHEMBL:CHEMBL1526167
chembl:CHEMBL1208858,CALMIDAZOLIUM CHLORIDE
drugbank:DB06134,SNS-314
rxcui:3041,CYTARABINE
ncit:C166437,FURAPREVIR
rxcui:82130,MEFLOQUINE HYDROCHLORIDE
iuphar.ligand:495,RS-17053
rxcui:1429044,"IBUPROFEN, SODIUM SALT"
chembl:CHEMBL1209491,DAPHNORIN
rxcui:38085,THIOCOLCHICOSIDE
ncit:C80867,CEDIRANIB
HP:0000657,Oculomotor apraxia
rxcui:81985,COCAINE HYDROCHLORIDE
rxcui:1242987,VISMODEGIB
HGNC:9508,PSEN1
rxcui:1311389,GALLIC ACID
iuphar.ligand:1079,CGP7930
UPHENO:0079830,abnormal regulation of behavior
drugbank:DB05815,GNRH PHARMACCINE
ncit:C571,ANTISERUM
ncit:C83611,CEPHARANTHINE
rxcui:1435279,4-AMINOPHENOL
iuphar.ligand:5193,GF109203X
rxcui:1792776,ATEZOLIZUMAB
chembl:CHEMBL270299,BAY-11-7085
ncit:C98110,RADOTINIB
rxcui:2625882,ADAGRASIB
ncit:C97941,PONEZUMAB
Reactome:R-DME-500753,Pyrimidine biosynthesis
CHEBI:46245,coenzyme Q10
ncit:C71726,QUARFLOXIN
chembl:CHEMBL2094789,CHEMBL:CHEMBL2094789
iuphar.ligand:7358,E2012
MONDO:1010000,pythiosis
HP:0006824,Cranial nerve paralysis
rxcui:35636,RISPERIDONE
UPHENO:0055092,increased reflex
iuphar.ligand:8244,TGX-221
rxcui:2582,CLINDAMYCIN
HP:0000726,Dementia
HP:0000746,Delusions
rxcui:5552,HYDROXYUREA
ncit:C81115,SEMAGACESTAT
chembl:CHEMBL388342,BOLDINE
HGNC:4331,GLS
HGNC:4379,GNA11
CHEBI:36027,stilbenol
ncit:C78848,SONOLISIB
rxcui:203129,MITOXANTRONE HYDROCHLORIDE
rxcui:1998,CAPTOPRIL
ncit:C175203,SERALUTINIB
HP:0030190,Oral motor hypotonia
chembl:CHEMBL47986,ERBSTATIN
iuphar.ligand:9375,VTX-11E
chembl:CHEMBL2364619,METHYLSAMIDORPHAN
HP:5200126,Aggression toward cargivers
ncit:C61307,OPORTUZUMAB MONATOX
ncit:C175168,OBINEPITIDE
HGNC:251,ADH1C
rxcui:259275,OSELTAMIVIR PHOSPHATE
chembl:CHEMBL2094833,CHEMBL:CHEMBL2094833
MONDO:0005574,tauopathy
ncit:C88270,OMIPALISIB
rxcui:1841,BUTORPHANOL
HGNC:4388,GNAL
HP:0001618,Dysphonia
chembl:CHEMBL600747,CHEMBL:CHEMBL600747
HGNC:1404,CACNB4
Reactome:R-CFA-390666,Serotonin receptors
HGNC:4398,GNB2
chembl:CHEMBL582030,CHEMBL:CHEMBL582030
rxcui:142434,ECONAZOLE NITRATE
BFO:0000004,independent continuant
chembl:CHEMBL1889303,CHEMBL:CHEMBL1889303
chembl:CHEMBL157844,PUUPEHENONE
rxcui:3407,DIGOXIN
drugbank:DB08039,"(3Z)-N,N-DIMETHYL-2-OXO-3-(4,5,6,7-TETRAHYDRO-1H-INDOL-2-YLMETHYLIDENE)-2,3-DIHYDRO-1H-INDOLE-5-SULFONAMIDE"
chembl:CHEMBL494083,XANTHOANGELOL
CHEBI:26895,tetracyclines
rxcui:1094833,IPILIMUMAB
ncit:C170277,OXYCODEGOL
rxcui:15657,DECITABINE
rxcui:235839,TERODILINE HYDROCHLORIDE
chembl:CHEMBL461308,MANASSANTIN B
iuphar.ligand:9404,PP2
ncit:C152411,SOVAPREVIR
iuphar.ligand:384,CGS 15943
rxcui:6470,LORAZEPAM
HP:0020049,Exodeviation
iuphar.ligand:5957,DIACYLGLYCEROL KINASE INHIBITOR II
chembl:CHEMBL483531,ALTENUSIN
MONDO:0013060,autosomal recessive Parkinson disease 14
chembl:CHEMBL412010,DERRUBONE
MONDO:0012391,neuronal ceroid lipofuscinosis 8 northern epilepsy variant
UBERON:0003499,brain blood vessel
ncit:C170392,VELIMOGENE ALIPLASMID
ncit:C77030,BITHIONOL
ncit:C1291,ANTISENSE OLIGONUCLEOTIDES
iuphar.ligand:4998,IL-6
MONDO:0012450,spinocerebellar ataxia type 28
HGNC:830,ATP5F1B
chembl:CHEMBL235891,CHEMBL:CHEMBL235891
rxcui:2109054,TAGRAXOFUSP-ERZS
HGNC:10848,SHH
ncit:C2503,FOSBRETABULIN DISODIUM
rxcui:2393,CHLOROQUINE
chembl:CHEMBL421215,CHEMBL:CHEMBL421215
HP:0034052,Impaired toe-walking ability
HGNC:14203,JPH3
HP:0033204,Triceps hyperreflexia
chembl:CHEMBL329785,CHEMBL:CHEMBL329785
MONDO:0000087,polymicrogyria
ncit:C65572,ETICLOPRIDE
HGNC:1908,VPS13A
HGNC:7957,NPY2R
rxcui:2361,CHLORHEXIDINE HYDROCHLORIDE
rxcui:10324,TAMOXIFEN
MONDO:0000167,Huntington disease and related disorders
rxcui:10594,TICLOPIDINE
iuphar.ligand:9976,KO-947
rxcui:2373950,INEBILIZUMAB-CDON
chembl:CHEMBL1934283,OPHIOBOLIN O
HP:0031008,Lingual dystonia
chembl:CHEMBL548540,CHEMBL:CHEMBL548540
rxcui:10395,TETRACYCLINE
rxcui:2626,CLOZAPINE
ncit:C121212,APRUTUMAB IXADOTIN
chembl:CHEMBL2103878,ODELEPRAN
chembl:CHEMBL4594312,PRADEMAGENE ZAMIKERACEL
ncit:C95217,RITANSERIN
rxcui:1363267,CABOZANTINIB S-MALATE
ncit:C1868,VATALANIB
chembl:CHEMBL3545080,RG-7256
CHEBI:26878,tertiary alcohol
rxcui:623400,LACOSAMIDE
MONDO:0005096,squamous cell carcinoma
rxcui:4637,GALANTAMINE
chembl:CHEMBL1500913,CHEMBL:CHEMBL1500913
WB:WBGene00009027,F21G4.6
chembl:CHEMBL1561747,CHEMBL:CHEMBL1561747
rxcui:21264,CLOFOCTOL
HGNC:395,ALAD
chembl:CHEMBL1902074,CHEMBL:CHEMBL1902074
rxcui:4459,FLUNARIZINE
chembl:CHEMBL118678,CHEMBL:CHEMBL118678
chembl:CHEMBL1417470,CHEMBL:CHEMBL1417470
HGNC:9965,RERE
iuphar.ligand:10601,AZD7648
HP:0000643,Blepharospasm
HP:0000718,Aggressive behavior
chembl:CHEMBL195350,CHEMBL:CHEMBL195350
HGNC:8804,PDGFRB
rxcui:787390,TAPENTADOL
drugbank:DB07430,"(10R)-10-METHYL-3-(6-METHYLPYRIDIN-3-YL)-9,10,11,12-TETRAHYDRO-8H-[1,4]DIAZEPINO[5',6':4,5]THIENO[3,2-F]QUINOLIN-8-ONE"
HGNC:3033,ATN1
HGNC:8859,PEX6
HP:0008760,Violent behavior
ncit:C1258,TRIAZINATE
chembl:CHEMBL581194,CHEMBL:CHEMBL581194
ncit:C71355,RIGOSERTIB SODIUM
HGNC:4311,GCLC
HGNC:555,AP1G1
iuphar.ligand:7339,CHF-5074
rxcui:2199577,INDOCYANINE GREEN ACID FORM
ncit:C72684,AGOMELATINE
rxcui:31901,NITROXOLINE
rxcui:61381,OLANZAPINE
iuphar.ligand:5552,N-OLEOYLDOPAMINE
HP:0000737,Irritability
chembl:CHEMBL602127,CHEMBL:CHEMBL602127
rxcui:227224,FLUOXETINE HYDROCHLORIDE
MONDO:0017215,calciphylaxis
rxcui:17933,ANILERIDINE
ncit:C1863,ENTINOSTAT
MONDO:0001627,dementia
chembl:CHEMBL290914,EMODIC ACID
chembl:CHEMBL578063,ALAZANINE
ncit:C91725,ADAVOSERTIB
rxcui:39173,DOXAZOSIN MESYLATE
ncit:C103863,ISTIRATUMAB
chembl:CHEMBL2333546,MADOLIN U
HGNC:6871,MAPK1
ncit:C26666,TARENFLURBIL
rxcui:2099295,MOXETUMOMAB PASUDOTOX
rxcui:166551,RALOXIFENE HYDROCHLORIDE
HP:0002059,Cerebral atrophy
MONDO:0009480,Joubert syndrome with oculorenal defect
iuphar.ligand:8237,UNC1999
MGI:1921393,Opa1
ncit:C1717,IROFULVEN
iuphar.ligand:5700,PHA-665752
rxcui:1098413,VANDETANIB
MONDO:0008457,spinocerebellar ataxia type 6
rxcui:58918,PROCATEROL HYDROCHLORIDE
rxcui:10767,TRIAZOLAM
chembl:CHEMBL581152,CHEMBL:CHEMBL581152
rxcui:31765,NICOTINE POLACRILEX
UPHENO:0080586,abnormal regulation of behavior
rxcui:11256,VITAMIN E
iuphar.ligand:3936,"L-162,313"
ncit:C2160,PROTEASOME INHIBITOR
iuphar.ligand:4940,GDNF
rxcui:10763,TRIAMTERENE
rxcui:27340,DESFLURANE
rxcui:1551777,NALOXEGOL
drugbank:DB17030,GSK-269962A
Reactome:R-BTA-211945,Phase I - Functionalization of compounds
ncit:C74052,IODINE I 131-6-BETA-IODOMETHYL-19-NORCHOLESTEROL
ncit:C75161,CARISBAMATE
rxcui:227239,MASOPROCOL
ncit:C1196,PIMONIDAZOLE
iuphar.ligand:8059,AZD6482
rxcui:1545988,CYCLOPHOSPHAMIDE ANHYDROUS
rxcui:4495,FLUPENTHIXOL
ncit:C92575,ONATASERTIB
HP:0031825,Freezing of gait
ncit:C64639,CRENOLANIB
rxcui:42562,CEPHAPIRIN SODIUM
chembl:CHEMBL1701915,CHEMBL:CHEMBL1701915
chembl:CHEMBL336095,CHEMBL:CHEMBL336095
rxcui:5833,INOSITOL
HGNC:4318,GLI2
HGNC:132,ACTB
MONDO:0002492,acute kidney failure
rxcui:6375,LEVODOPA
MONDO:0000415,adolescence-adult electroclinical syndrome
ncit:C1803,SOY PROTEIN ISOLATE
rxcui:142138,MEXILETINE HYDROCHLORIDE
rxcui:596,ALPRAZOLAM
chembl:CHEMBL253989,CHEMBL:CHEMBL253989
CHEBI:46920,N-methylpiperazine
ncit:C79835,HSP90 INHIBITOR XL888
rxcui:2105845,GLASDEGIB
HGNC:26775,TMEM192
chembl:CHEMBL555017,GAMBOGIC ACID
ncit:C521,THERAPEUTIC GLUCOCORTICOID
MONDO:0018117,"disorder of phospholipids, sphingolipids and fatty acids biosynthesis"
iuphar.ligand:12623,CFT1946
MONDO:0009582,Mietens syndrome
HP:0007086,Social and occupational deterioration
iuphar.ligand:193,SB 242084
chembl:CHEMBL1288830,SPINASAPONIN A METHYL ESTER
Reactome:R-CEL-390650,Histamine receptors
rxcui:1362888,CHRYSIN
rxcui:3226,DEQUALINIUM
rxcui:2268306,ENFORTUMAB VEDOTIN-EJFV
ncit:C81084,VANOXERINE
chembl:CHEMBL123,ELLIPTECINE
MONDO:0002816,adrenal cortex disorder
chembl:CHEMBL505670,CHEMBL:CHEMBL505670
MONDO:0012449,spinocerebellar ataxia type 23
HP:0002355,Difficulty walking
rxcui:4135,ETHOSUXIMIDE
rxcui:104966,DIHYDROCODEINE BITARTRATE
drugbank:DB05984,RAF-265
rxcui:1597582,OLAPARIB
ncit:C80997,NERISPIRDINE
chembl:CHEMBL1287980,CHEMBL:CHEMBL1287980
chembl:CHEMBL87333,CIS-RESVERATROL
rxcui:135447,DONEPEZIL
chembl:CHEMBL133342,(S)-ROSCOVITINE
rxcui:15226,FOMEPIZOLE
chembl:CHEMBL3833333,NABIXIMOLS
ZFA:0001094,whole organism
drugbank:DB12819,GSI-136
rxcui:20791,CHLORHEXIDINE GLUCONATE
MONDO:0017181,hypnic headache
rxcui:1424911,DABRAFENIB
RGD:68337,Htt
ncit:C82318,FLUOROSALAN
rxcui:3992,EPINEPHRINE
iuphar.ligand:9381,PF-562271
MONDO:0018108,idiopathic disseminated cytomegalovirus infection
drugbank:DB16038,PLX8394
drugbank:DB13048,PAC-1
rxcui:27169,LEFLUNOMIDE
ncit:C117229,TUSAMITAMAB RAVTANSINE
chembl:CHEMBL1479103,HAEMATOXYLIN
HGNC:10879,STIL
GO:0072757,cellular response to camptothecin
rxcui:35163,PYRVINIUM
chembl:CHEMBL1439833,CHEMBL:CHEMBL1439833
MONDO:0010006,Sandhoff disease
ncit:C91732,GEDATOLISIB
rxcui:9061,QUINACRINE
HGNC:1014,BCR
MONDO:0011781,spinocerebellar ataxia type 17
ncit:C61745,ENCLOMIPHENE CITRATE
chembl:CHEMBL1997335,CHEMBL:CHEMBL1997335
HGNC:11179,SOD1
drugbank:DB12876,GS-9256
drugbank:DB11870,RG-4733
rxcui:13982,TIRATRICOL
CHEBI:27881,resveratrol
chembl:CHEMBL600734,CHEMBL:CHEMBL600734
iuphar.ligand:5180,ESCULETIN
rxcui:8794,PROPYLTHIOURACIL
rxcui:10502,THIORIDAZINE
chembl:CHEMBL528712,CHEMBL:CHEMBL528712
rxcui:82043,LEVOMETHADYL ACETATE HYDROCHLORIDE
chembl:CHEMBL601547,CHEMBL:CHEMBL601547
ncit:C1450,PLATINUM COMPOUND
chembl:CHEMBL527620,CHEMBL:CHEMBL527620
drugbank:DB07453,ALPHA-NAPHTHOFLAVONE
rxcui:36567,SIMVASTATIN
ncit:C75228,NOCODAZOLE
NBO:0000120,physical aggression behavior
MONDO:0044332,childhood-onset benign chorea with striatal involvement
HP:0002066,Gait ataxia
rxcui:2387833,BELANTAMAB MAFODOTIN-BLMF
ncit:C1316,OXIDOPAMINE
rxcui:214525,DOXORUBICIN LIPOSOME
rxcui:114979,RABEPRAZOLE
rxcui:2534233,TIVOZANIB
chembl:CHEMBL275516,CANTHARIDIC_ACID
ZP:0100009,"whole organism quality, abnormal"
MONDO:0100062,developmental and epileptic encephalopathy
ncit:C95229,NILOTINIB HYDROCHLORIDE MONOHYDRATE
HP:0002333,Motor deterioration
OBA:1001005,
rxcui:1362,DIPHENHYDRAMINE HYDROCHLORIDE
drugbank:DB02860,CALYCULIN A
iuphar.ligand:6048,SYK INHIBITOR III
HP:0002344,Progressive neurologic deterioration
chembl:CHEMBL300389,CHEMBL:CHEMBL300389
chembl:CHEMBL578741,CHEMBL:CHEMBL578741
rxcui:37798,TERAZOSIN
ncit:C151943,BIVALENT BRD4 INHIBITOR AZD5153
UPHENO:0079820,abnormally increased rate of hallucination
chembl:CHEMBL601146,CHEMBL:CHEMBL601146
ncit:C171067,TUVUSERTIB
MONDO:0014626,spinocerebellar ataxia type 41
iuphar.ligand:8793,SAR260301
iuphar.ligand:9212,RAPALINK-1
rxcui:22906,DICHLOROBENZYL ALCOHOL
rxcui:2179,CEFATRIZINE
rxcui:732187,PAZOPANIB HYDROCHLORIDE
rxcui:1940635,GLECAPREVIR
ncit:C71705,PILARALISIB
chembl:CHEMBL2177350,NEOPETROFORMYNE A
iuphar.ligand:377,NECA
ncit:C65584,ETOCARLIDE
ncit:C77882,LEXIBULIN
HGNC:4396,GNB1
chembl:CHEMBL341898,"(R,S)-INDATRALINE"
MONDO:0043510,brain injury
MONDO:0017704,familial partial epilepsy
ncit:C138997,ANLOTINIB
chembl:CHEMBL339587,CHEMBL:CHEMBL339587
ncit:C574,IMMUNOSUPPRESSANT
chembl:CHEMBL1200443,MERETHOXYLLINE PROCAINE
chembl:CHEMBL247471,CHEMBL:CHEMBL247471
chembl:CHEMBL496867,CHELIDONINE
MONDO:0010065,spinocerebellar degeneration with slow eye movements
ncit:C174748,VODOBATINIB
chembl:CHEMBL2177349,HALICLONADIAMINE
chembl:CHEMBL585628,CHEMBL:CHEMBL585628
rxcui:1310300,COBALT
iuphar.ligand:9911,TAK-733
HP:0031960,Arm dystonia
chembl:CHEMBL1465049,CHEMBL:CHEMBL1465049
rxcui:42330,TERFENADINE
rxcui:4917,NITROGLYCERIN
chembl:CHEMBL1526240,DIHYDROGAMBOGIC ACID
HGNC:986,BCKDHA
HP:0033205,Biceps hyperreflexia
rxcui:6468,LOPERAMIDE
HP:0000734,Disinhibition
HGNC:9039,PLA2G6
chembl:CHEMBL592316,CHEMBL:CHEMBL592316
rxcui:1946825,ABEMACICLIB
drugbank:DB03819,SALICYLHYDROXAMIC ACID
ncit:C48402,LESTAURTINIB
rxcui:6761,MEPTAZINOL
chembl:CHEMBL1707907,CHEMBL:CHEMBL1707907
chembl:CHEMBL2333543,CHEMBL:CHEMBL2333543
rxcui:6370,LEVALLORPHAN
CHEBI:71337,minocycline(1-)
rxcui:4112,ETHAMSYLATE
iuphar.ligand:4264,NBQX
HGNC:4394,GNAT2
chembl:CHEMBL2109516,SS1(DSFV)-PE38
ncit:C83927,MELEVODOPA
drugbank:DB13062,ME-344
rxcui:996051,CABAZITAXEL
HGNC:1591,CCNF
iuphar.ligand:12559,OXOGLAUCINE
MONDO:0000414,childhood electroclinical syndrome
HGNC:9476,HTRA1
UPHENO:0077821,abnormal independent continuant nitrogen molecular entity level
HP:0033203,Brachioradialis hyperreflexia
rxcui:28439,LAMOTRIGINE
rxcui:194000,CAPECITABINE
rxcui:2555,CISPLATIN
rxcui:6826,METHAZOLAMIDE
MONDO:0018342,Joubert syndrome with Jeune asphyxiating thoracic dystrophy
HGNC:8772,PDE10A
rxcui:203135,PROPAFENONE HYDROCHLORIDE
HGNC:10941,SLC1A3
drugbank:DB15034,PRI-724
drugbank:DB08937,TAS-102
MONDO:0014084,ataxia with oculomotor apraxia type 3
iuphar.ligand:5661,AST-487
HP:0001272,Cerebellar atrophy
chembl:CHEMBL294264,PURPURIN
HP:0001268,Mental deterioration
chembl:CHEMBL586024,CHEMBL:CHEMBL586024
rxcui:3100,DACTINOMYCIN
ncit:C175553,TINLORAFENIB
HGNC:1076,BMPR1A
MONDO:0033481,spinocerebellar ataxia 46
ncit:C83563,BUDIODARONE
rxcui:318341,CETUXIMAB
ncit:C83801,INDOPROFEN
HP:0031955,Antalgic gait
rxcui:2122776,BENZHYDROCODONE HYDROCHLORIDE
chembl:CHEMBL1565133,SANGUINARINE SULFATE
drugbank:DB04338,SB220025
rxcui:321952,PIMECROLIMUS
chembl:CHEMBL1606,CHEMBL:CHEMBL1606
ncit:C78449,GLEMBATUMUMAB VEDOTIN
chembl:CHEMBL31088,DEOXIEPINEPHRINE
chembl:CHEMBL607309,CHEMBL:CHEMBL607309
ncit:C166554,NARLAPREVIR
rxcui:1876597,NALDEMEDINE
ncit:C177060,LADUVIGLUSIB
rxcui:8742,PROMAZINE
chembl:CHEMBL1327172,CHEMBL:CHEMBL1327172
ncit:C66685,ZAPRINAST
UPHENO:0080597,abnormal physical aggression behavior
rxcui:203214,DICLOFENAC SODIUM
chembl:CHEMBL1503190,CHEMBL:CHEMBL1503190
chembl:CHEMBL580340,CHEMBL:CHEMBL580340
HP:0000749,Paroxysmal bursts of laughter
rxcui:9069,QUINIDINE SULFATE
ncit:C65857,HOMIDIUM BROMIDE
chembl:CHEMBL1362503,CHEMBL:CHEMBL1362503
chembl:CHEMBL1392244,CHEMBL:CHEMBL1392244
MONDO:0017726,"Tay-Sachs disease, B variant, adult form"
ncit:C72743,DITHIAZANINE
drugbank:DB16909,TIK-301
rxcui:1363043,ETHYL ETHER
rxcui:23350,DIOXYBENZONE
ncit:C173633,BRAF INHIBITOR BGB-3245
HP:0000716,Depression
rxcui:261715,AMINOLEVULINIC ACID HYDROCHLORIDE
HP:0031856,Hobby horse gait
iuphar.ligand:4145,BENZAMIL
ncit:C95738,MEK INHIBITOR GDC-0623
MONDO:0005395,movement disorder
chembl:CHEMBL199592,CHEMBL:CHEMBL199592
UPHENO:0048693,increased level of creatine
chembl:CHEMBL258316,CHEMBL:CHEMBL258316
ncit:C26672,SOBLIDOTIN
chembl:CHEMBL468167,CHLOROTHALONIL
rxcui:2046138,BEVACIZUMAB-AWWB
rxcui:56161,SENNOSIDE B
rxcui:857492,TAPENTADOL HYDROCHLORIDE
MONDO:0007105,frontotemporal dementia and/or amyotrophic lateral sclerosis 1
HP:0002072,Chorea
chembl:CHEMBL4303729,PLX-8394
ncit:C61311,B-RAF/VEGFR-2 INHIBITOR RAF265
chembl:CHEMBL250892,(R)-MELPHALAN
drugbank:DB12812,PALOMID 529
chembl:CHEMBL597035,CHEMBL:CHEMBL597035
ncit:C28699,THERAPEUTIC TUMOR INFILTRATING LYMPHOCYTES
rxcui:33199,PERMETHRIN
ncit:C53399,ADH-1
rxcui:2049106,ENCORAFENIB
chembl:CHEMBL419296,ZOLANTIDINE
HGNC:4393,GNAT1
MONDO:0019303,premature aging syndrome
CHEBI:145565,macrolide lactam
ncit:C169852,CINPANEMAB
ncit:C548,THERAPEUTIC HORMONE
drugbank:DB17043,PHA-767491
chembl:CHEMBL176045,FANCHININ
ncit:C80869,TELATINIB
rxcui:1603350,PANOBINOSTAT
NBO:0000129,agitation behavior
HGNC:20774,TUBB4A
rxcui:8013,PENTOXIFYLLINE
chembl:CHEMBL1395447,NITROVIN
iuphar.ligand:5913,AG 112
chembl:CHEMBL1935538,CHEMBL:CHEMBL1935538
chembl:CHEMBL527586,CHEMBL:CHEMBL527586
chembl:CHEMBL1492017,CHEMBL:CHEMBL1492017
chembl:CHEMBL456295,OXOPURPUREINE
rxcui:2534464,TRICHLOROETHYLENE
rxcui:1808,BUMETANIDE
chembl:CHEMBL578420,CHEMBL:CHEMBL578420
chembl:CHEMBL551842,LOBARIC ACID
rxcui:1368167,PHLORETIN
MGI:2138987,Slc4a11
HGNC:9449,PRNP
chembl:CHEMBL1530911,CHEMBL:CHEMBL1530911
drugbank:DB04014,ALSTERPAULLONE
ncit:C125003,NAPORAFENIB
HP:0000496,Abnormality of eye movement
MONDO:0013208,cirrhosis - dystonia - polycythemia - hypermanganesemia syndrome
chembl:CHEMBL532849,CHEMBL:CHEMBL532849
rxcui:1045452,ERIBULIN MESYLATE
MONDO:0000200,Zimmermann-Laband syndrome
rxcui:8196,PHLOROGLUCINOL
ncit:C77572,CLOROTEPINE
HP:0006794,Loss of ability to walk in first decade
ncit:C62435,DOVITINIB LACTATE
rxcui:1546446,OMACETAXINE
iuphar.ligand:5666,BI-2536
chembl:CHEMBL4297804,PF-06263507
ncit:C81358,SANGUINARIUM
chembl:CHEMBL1521156,CHEMBL:CHEMBL1521156
chembl:CHEMBL1588679,CHEMBL:CHEMBL1588679
rxcui:1399,BENZOCAINE
chembl:CHEMBL591126,CHEMBL:CHEMBL591126
rxcui:2597,CLOMIPRAMINE
HP:0003324,Generalized muscle weakness
MONDO:0017722,"Sandhoff disease, juvenile form"
rxcui:282443,PEMETREXED DISODIUM
chembl:CHEMBL591404,CHEMBL:CHEMBL591404
HGNC:851,ATP6V1A
iuphar.ligand:9382,NVP-TAE 226
ncit:C141430,VORUCICLIB
rxcui:357977,SUNITINIB
chembl:CHEMBL329673,CHEMBL:CHEMBL329673
chembl:CHEMBL4594410,SULCARDINE SULFATE
Reactome:R-HSA-390666,Serotonin receptors
rxcui:11198,VINBLASTINE
HGNC:1020,BCS1L
rxcui:6728,VITAMIN K3
chembl:CHEMBL126804,CHEMBL:CHEMBL126804
ncit:C138076,ATM INHIBITOR M 3541
NBO:0000268,dementia
chembl:CHEMBL70501,THUNBERGINOL B
iuphar.ligand:11348,PJ34
Reactome:R-GGA-390650,Histamine receptors
rxcui:2550714,SOTORASIB
chembl:CHEMBL4594562,ISIS-2503
wikidata:Q21044462,DEL-22379
iuphar.ligand:5131,ABT702
chembl:CHEMBL97485,6-DIAZO-5-OXO-L-NORLEUCINE
chembl:CHEMBL2109300,GSK933776
HP:0002312,Clumsiness
rxcui:5293,HEXACHLOROPHENE
HP:0001347,Hyperreflexia
rxcui:1101333,GABAPENTIN ENACARBIL
iuphar.ligand:7014,BIX-01294
chembl:CHEMBL605077,CHEMBL:CHEMBL605077
rxcui:1368374,MYRICETIN
MONDO:0000563,GRID2-related autosomal dominant spinocerebellar ataxia
HGNC:12335,TRPC3
chembl:CHEMBL547833,CHEMBL:CHEMBL547833
iuphar.ligand:9372,TBBT
iuphar.ligand:11277,AZD1390
iuphar.ligand:5916,AG 490
ncit:C265,ANTIDEPRESSANT AGENT
chembl:CHEMBL2002487,CHEMBL:CHEMBL2002487
chembl:CHEMBL77705,GARDENIN
iuphar.ligand:7836,E6201
rxcui:7895,PAPAVERINE
ncit:C187123,PAN-RAF INHIBITOR XP-102
chembl:CHEMBL60718,TPCK
HGNC:8851,PEX10
chembl:CHEMBL581574,CHEMBL:CHEMBL581574
chembl:CHEMBL168276,"3,5-DINITROCATECHOL (OR-486)"
chembl:CHEMBL433680,ANGUIDIN
HGNC:10541,SATB1
rxcui:3500,DIPHENOXYLATE
ncit:C95722,MUC1-TARGETED PEPTIDE GO-203-2C
rxcui:36453,SEVOFLURANE
drugbank:DB05552,TG100-115
ncit:C1283,RECOMBINANT CYTOKINE
chembl:CHEMBL472437,KAMEBANIN
ncit:C174831,PRASINEZUMAB
drugbank:DB12387,OSI-027
rxcui:1251,AZACITIDINE
iuphar.ligand:9974,MK-8353
rxcui:203133,PENICILLIN G POTASSIUM
HP:0010553,Oculogyric crisis
rxcui:154985,NALBUPHINE HYDROCHLORIDE
ncit:C79910,MASITINIB
rxcui:203144,PRAVASTATIN SODIUM
chembl:CHEMBL1487183,ALEXIDINE HYDROCHLORIDE
chembl:CHEMBL513116,N-AMINOHEXYL-5-CHLORO-1-NAPTHALENESULFONAMIDE HYDROCHLORIDE
iuphar.ligand:8010,NU-7441
drugbank:DB08544,(S)-FLUOXETINE
UPHENO:0076286,abnormal role blood level
chembl:CHEMBL151649,PHENETHYLISOTHIOCYANATE
MONDO:0007088,Alzheimer disease type 1
rxcui:8686,PRILOCAINE
MONDO:0011671,Huntington disease-like 2
MONDO:0011057,cerebrovascular disorder
CHEBI:22720,benzodiazepine
HP:0000639,Nystagmus
chembl:CHEMBL1567571,CHEMBL:CHEMBL1567571
rxcui:4124,ETHINYL ESTRADIOL
chembl:CHEMBL546493,CHEMBL:CHEMBL546493
chembl:CHEMBL1368322,PARAROSANILINE
chembl:CHEMBL303958,CHEMBL:CHEMBL303958
rxcui:40036,BENZETHONIUM CHLORIDE
iuphar.ligand:9130,ZM336372
HGNC:315,AFG3L2
rxcui:12574,GEMCITABINE
drugbank:DB17025,DIPHENYLENEIODONIUM
chembl:CHEMBL287689,CHEMBL:CHEMBL287689
rxcui:1592736,NINTEDANIB ESYLATE
rxcui:153329,IRINOTECAN HYDROCHLORIDE
drugbank:DB17029,GO-6976
MONDO:0100053,anaphylaxis
rxcui:27100,OMACETAXINE MEPESUCCINATE
rxcui:1147220,VEMURAFENIB
chembl:CHEMBL4650280,ASN007
HGNC:61,ABCD1
ncit:C155850,VOCIPROTAFIB
chembl:CHEMBL214154,MAYTANSINOL
ncit:C173437,TUNLAMETINIB
chembl:CHEMBL3545027,XL-281
ncit:C146807,ELIMUSERTIB
ncit:C166484,DONANEMAB
HGNC:4425,GOLGA2
MONDO:0009857,persistent Mullerian duct syndrome
ncit:C2688,NAB-PACLITAXEL
ncit:C119747,ERK INHIBITOR CC-90003
rxcui:1598096,PERAMIVIR ANHYDROUS
rxcui:202723,ORPHENADRINE HYDROCHLORIDE
chembl:CHEMBL453818,CHEMBL:CHEMBL453818
ncit:C76016,CILUPREVIR
ncit:C76907,ALOXISTATIN
UPHENO:0082827,increased hallucination
ncit:C60768,VELIPARIB
ncit:C29852,REBAMIPIDE
chembl:CHEMBL582278,CHEMBL:CHEMBL582278
ncit:C74557,DIETHYLSTILBESTROL DIPROPIONATE
HP:0009878,Cerebellar ataxia associated with quadrupedal gait
ncit:C192810,MEK INHIBITOR IMM-1-104
rxcui:35302,SIROLIMUS
HGNC:1943,CHN1
rxcui:203140,CEFMETAZOLE SODIUM
rxcui:328134,GEFITINIB
ncit:C63756,CAFFEIC ACID PHENETHYL ESTER
rxcui:657797,TEMSIROLIMUS
ncit:C170049,IDAZOXAN
ncit:C74072,DACTOLISIB
chembl:CHEMBL450802,CHEMBL:CHEMBL450802
rxcui:9260,RESERPINE
chembl:CHEMBL1490332,CHEMBL:CHEMBL1490332
rxcui:1298842,"PAROXETINE HYDROCHLORIDE, HEMIHYDRATE"
ncit:C152828,VANIPREVIR
chembl:CHEMBL1224785,MADOLIN A
rxcui:236540,REMIFENTANIL HYDROCHLORIDE
chembl:CHEMBL1549738,CHEMBL:CHEMBL1549738
Reactome:R-BTA-611105,Respiratory electron transport
ncit:C104280,P53/HDM2 INTERACTION INHIBITOR CGM097
rxcui:32592,OXALIPLATIN
ncit:C134967,BRAFV600/PI3K INHIBITOR ASN003
rxcui:203170,BUTORPHANOL TARTRATE
ncit:C47698,PYRITHIONE ZINC
drugbank:DB05698,GI-4000
chembl:CHEMBL600334,CHEMBL:CHEMBL600334
ncit:C298,BCG VACCINE
chembl:CHEMBL354349,EUFLAVINE
ncit:C80631,SOTRASTAURIN ACETATE
chembl:CHEMBL133576,ACID BLUE 129
Reactome:R-MMU-211945,Phase I - Functionalization of compounds
UPHENO:0081548,abnormal metabolite independent continuant level
rxcui:26420,HALOPERIDOL DECANOATE
UPHENO:0051729,abnormal blood creatine level
ncit:C1125,HEXAMETHYLENE BISACETAMIDE
rxcui:8786,PROPOXYPHENE NAPSYLATE
rxcui:2265712,GIVOSIRAN
HP:0031466,Impairment in personality functioning
ncit:C61441,TERAMEPROCOL
ZFIN:ZDB-GENE-040426-1675,pycr1a
rxcui:2559612,SAMIDORPHAN
chembl:CHEMBL1493528,CHEMBL:CHEMBL1493528
iuphar.ligand:7880,AGERAFENIB
HP:0032005,Hemidystonia
iuphar.ligand:5663,BARASERTIB-HQPA
chembl:CHEMBL2348411,CHEMBL:CHEMBL2348411
chembl:CHEMBL4594455,AGS-16C3F
drugbank:DB15586,PATULIN
MONDO:0054573,Lopes-Maciel-Rodan syndrome
iuphar.ligand:11727,ASTX029
chembl:CHEMBL17201,CHEMBL:CHEMBL17201
ncit:C258,ANTIBIOTIC
HP:0031848,Cock-walk gait
HGNC:10585,SCN1A
ncit:C74073,PI3K INHIBITOR BGT226
rxcui:2556,CITALOPRAM
drugbank:DB05004,PEPTIDE YY (3-36)
rxcui:2103480,ETANERCEPT-SZZS
HGNC:7463,MTNR1A
chembl:CHEMBL451226,CHEMBL:CHEMBL451226
rxcui:282388,IMATINIB
chembl:CHEMBL1797708,CHEMBL:CHEMBL1797708
ncit:C88329,VISTUSERTIB
HP:0011728,Elbow clonus
HP:0031007,Orofacial action-specific dystonia induced by speech
ncit:C68936,QUIZARTINIB
chembl:CHEMBL560296,CHEMBL:CHEMBL560296
iuphar.ligand:4072,"(12E,20Z,18S)-8-HYDROXYVARIABILIN"
MONDO:0017276,frontotemporal dementia
rxcui:60661,ESTRADIOL 3-BENZOATE
chembl:CHEMBL490355,SULFURETIN
chembl:CHEMBL116955,CONGO RED
ncit:C2152,PHOSPHATIDYLINOSITIDE 3-KINASE INHIBITOR
MONDO:0017763,disorder of iron metabolism and transport
rxcui:203180,EPINEPHRINE BITARTRATE
CHEBI:26195,polyphenol
rxcui:28200,KETOROLAC TROMETHAMINE
chembl:CHEMBL386492,CLOCINNAMOX
drugbank:DB05014,XL999
chembl:CHEMBL585408,CHEMBL:CHEMBL585408
chembl:CHEMBL3707218,FUNAPIDE
drugbank:DB12986,VS-5584
rxcui:103468,HYDROCORTISONE BUTYRATE
MONDO:0000507,inclusion body myopathy with Paget disease of bone and frontotemporal dementia
rxcui:6809,METFORMIN
iuphar.ligand:8473,AZD5438
iuphar.ligand:733,WIN55212-2
rxcui:1546032,HEXYLCAINE HYDROCHLORIDE
Reactome:R-CEL-390666,Serotonin receptors
CHEBI:48626,pyranoindolizinoquinoline
chembl:CHEMBL536375,CHEMBL:CHEMBL536375
drugbank:DB02656,LY-294002
ncit:C174789,CRENEZUMAB
UPHENO:0034148,decreased level of creatine in urine
rxcui:69036,RUFINAMIDE
rxcui:1886,CAFFEINE
ncit:C122816,AZINTUXIZUMAB VEDOTIN
ncit:C71146,SALIRASIB
ncit:C52195,MIRDAMETINIB
rxcui:281189,ENCAINIDE HYDROCHLORIDE
chembl:CHEMBL222556,CHEMBL:CHEMBL222556
ncit:C584,RECOMBINANT INTERFERON
HGNC:1101,BRCA2
HGNC:11138,SNCA
chembl:CHEMBL1506226,CHEMBL:CHEMBL1506226
UPHENO:0051585,abnormal urine creatine level
rxcui:1516803,ALVIMOPAN ANHYDROUS
MONDO:0015990,"focal, segmental or multifocal dystonia"
chembl:CHEMBL601364,CHEMBL:CHEMBL601364
rxcui:91104,CODEINE SULFATE
ncit:C2347,FREUND'S ADJUVANT
rxcui:620216,MARAVIROC
rxcui:114970,ZAFIRLUKAST
rxcui:32926,PAREGORIC
MP:0030632,increased urine creatine level
MONDO:0021135,rare or common
rxcui:35220,QUINIDINE GLUCONATE
chembl:CHEMBL1346946,"DIBENZ[A,H]ANTHRACENE"
drugbank:DB07080,TO-901317
rxcui:2955,CURCUMIN
rxcui:6980,MINOCYCLINE
HGNC:3596,FAT2
drugbank:DB12848,PF-04217903
HP:0033683,Jaw hyperreflexia
Reactome:R-CEL-390651,Dopamine receptors
chembl:CHEMBL3545402,XL-820
rxcui:10638,TOLONIUM CHLORIDE
chembl:CHEMBL1576310,CHEMBL:CHEMBL1576310
rxcui:203192,NALOXONE HYDROCHLORIDE
rxcui:9344,RIBAVIRIN
ncit:C152168,RECILISIB
chembl:CHEMBL530049,CHEMBL:CHEMBL530049
rxcui:83818,IRBESARTAN
ncit:C102564,CAPIVASERTIB
rxcui:105694,EPOETIN ALFA
chembl:CHEMBL3545165,AFACIFENACIN
NBO:0000015,aggressive behavior
HP:0011449,Knee clonus
HGNC:4527,C5AR2
rxcui:69722,ZANAMIVIR
rxcui:2550729,INFIGRATINIB
rxcui:21216,CLAVULANIC ACID
rxcui:203217,LEUPROLIDE ACETATE
chembl:CHEMBL1721885,SU-014813
rxcui:6135,KETOCONAZOLE
drugbank:DB11913,LY-2090314
chembl:CHEMBL4303611,PFK-158
HP:0000711,Restlessness
chembl:CHEMBL601933,CHEMBL:CHEMBL601933
MONDO:0015653,monogenic epilepsy
rxcui:2198975,METHYLENE BLUE ANHYDROUS
iuphar.ligand:9637,A77636
drugbank:DB12068,T-900607
ncit:C65503,EBSELEN
HGNC:4010,FUS
ncit:C38714,LORVOTUZUMAB MERTANSINE
chembl:CHEMBL454580,GARCINONE E
MONDO:0005229,bacterial infectious disease with sepsis
rxcui:1379,BENZALKONIUM CHLORIDE
GO:0097333,response to olanzapine
iuphar.ligand:12549,ISOCHLOROGENIC ACID B
chembl:CHEMBL1077259,BISLEUCONOTHINE A
Reactome:R-BTA-71403,Citric acid cycle (TCA cycle)
MONDO:0011951,amyotrophic lateral sclerosis type 6
rxcui:33770,PIRETANIDE
HP:0011448,Ankle clonus
chembl:CHEMBL2036124,CHEMBL:CHEMBL2036124
HGNC:28337,C9orf72
iuphar.ligand:5935,BCR-ABL INHIBITOR GNF-2
chembl:CHEMBL2333541,ARISTOYUNNOLIN A
rxcui:38609,TRICLOCARBAN
rxcui:1873916,RIBOCICLIB
chembl:CHEMBL171699,CHEMBL:CHEMBL171699
chembl:CHEMBL2094567,CHEMBL:CHEMBL2094567
rxcui:1545992,DOXYCYCLINE ANHYDROUS
rxcui:35100,PYRITHIONE
HP:0008768,Inappropriate sexual behavior
ncit:C185864,MENIN INHIBITOR BMF-219
CHEBI:59770,cyclic acetal
ncit:C77887,SAPITINIB
HP:0002340,Caudate atrophy
HP:0007034,Generalized hyperreflexia
HGNC:8820,PDYN
rxcui:1603296,LENVATINIB
iuphar.ligand:10361,RG-1530
MONDO:0009727,atelosteogenesis type II
chembl:CHEMBL2036119,CHEMBL:CHEMBL2036119
HP:0006803,Vivid hallucinations
iuphar.ligand:11940,MAP855
rxcui:10834,TRIMIPRAMINE
rxcui:1597258,BLINATUMOMAB
HGNC:20,AARS1
ncit:C69145,MITOGEN-ACTIVATED PROTEIN KINASE KINASE INHIBITOR
rxcui:2557,PRILOCAINE HYDROCHLORIDE
ncit:C116876,TASELISIB
rxcui:1829,BUTACAINE
chembl:CHEMBL1287983,CHEMBL:CHEMBL1287983
ncit:C79569,BAPINEUZUMAB
rxcui:9384,RIFAMPIN
chembl:CHEMBL580183,CHEMBL:CHEMBL580183
HGNC:8874,PFKFB3
rxcui:8001,PENTAZOCINE
MONDO:0017176,Machado-Joseph disease type 3
rxcui:4507,FLUSPIRILENE
rxcui:2099704,TALAZOPARIB
rxcui:29899,METHYLNALTREXONE
rxcui:258230,METHIXENE HYDROCHLORIDE
iuphar.ligand:611,LITHOCHOLIC ACID
MONDO:0004648,vascular dementia
chembl:CHEMBL2109282,RG-7636
ncit:C118571,TELISOTUZUMAB VEDOTIN
ncit:C81409,OXETHAZAINE
HP:0011006,Abnormal morphology of the musculature of the neck
rxcui:203178,DISOPYRAMIDE PHOSPHATE
rxcui:340705,HUMAN CHORIONIC GONADOTROPIN
HP:0031959,Leg dystonia
drugbank:DB16181,ISIS 2503
HP:0100022,Abnormality of movement
chembl:CHEMBL4298077,PRASINEZUMAB
ncit:C95782,CANTUZUMAB MERTANSINE
chembl:CHEMBL1989750,CHEMBL:CHEMBL1989750
rxcui:203177,HYDROMORPHONE HYDROCHLORIDE
CHEBI:18946,delta-lactone
chembl:CHEMBL493737,METHYLINOSITOL
rxcui:8691,PRIMIDONE
HGNC:3659,FEZ1
ncit:C2672,EPOTHILONE D
rxcui:2557217,ADUCANUMAB
rxcui:1545976,CODEINE ANHYDROUS
ncit:C71759,LINIFANIB
ncit:C111993,CERALASERTIB
ZP:0137901,"coenzyme Q10 whole organism decreased amount, abnormal"
CHEBI:65191,second generation antipsychotic
ncit:C1825,U-0126
rxcui:3287,DEXTROAMPHETAMINE SULFATE
rxcui:10759,TRIAMCINOLONE
chembl:CHEMBL429095,CHEMBL:CHEMBL429095
HGNC:4392,GNAS
HGNC:19141,TTBK2
ncit:C76761,DOCEBENONE
chembl:CHEMBL1527,CHEMBL:CHEMBL1527
chembl:CHEMBL155265,DNQX
HP:0002439,Frontolimbic dementia
HGNC:6990,MECP2
iuphar.ligand:12061,BI-3406
chembl:CHEMBL444109,GAMBOGIC AMIDE
MONDO:0017309,neonatal Marfan syndrome
chembl:CHEMBL600908,CHEMBL:CHEMBL600908
chembl:CHEMBL2109288,BIVATUZUMAB MERTANSINE
MONDO:0015140,early-onset autosomal dominant Alzheimer disease
chembl:CHEMBL326967,CHLOROETHYLCLONIDINE
iuphar.ligand:1716,2-CHLOROADENOSINE-5-TRIPHOSPHATE
rxcui:6448,LITHIUM
ncit:C1491,TYRPHOSTIN AG 879
rxcui:2672,CODEINE PHOSPHATE
rxcui:237005,LEVOMETHADYL
drugbank:DB11974,PF-04691502
iuphar.ligand:7881,CP-547632
chembl:CHEMBL602987,CHEMBL:CHEMBL602987
ncit:C170125,LOMOFUNGIN
ncit:C965,2-METHOXYESTRADIOL
ncit:C107245,AGERAFENIB
rxcui:1311280,PLATINUM
chembl:CHEMBL477841,CHEMBL:CHEMBL477841
HGNC:2073,TPP1
HGNC:12811,XK
chembl:CHEMBL434435,TETRAETHYLAMMONIUM CHLORIDE
rxcui:167,ACETAZOLAMIDE
rxcui:2274802,TEPROTUMUMAB-TRBW
drugbank:DB12852,MK-0752
chembl:CHEMBL401844,CHEMBL:CHEMBL401844
chembl:CHEMBL362223,CHEMBL:CHEMBL362223
iuphar.ligand:11149,GW405833
rxcui:203114,AMIODARONE HYDROCHLORIDE
chembl:CHEMBL4650301,VALILTRAMIPROSATE
chembl:CHEMBL1606022,SAPPANONE A TRIMETHYL ETHER
ncit:C264,ANTICONVULSANT AGENT
chembl:CHEMBL531322,CHEMBL:CHEMBL531322
rxcui:11170,VERAPAMIL
rxcui:10391,TETRACAINE
MONDO:0005560,brain disorder
drugbank:DB12904,ZSTK-474
chembl:CHEMBL1170485,CHEMBL:CHEMBL1170485
HGNC:9153,PNKD
ncit:C529,GOSSYPOL
HP:0031953,Cautious gait
rxcui:18330,ARSENIC TRIOXIDE
chembl:CHEMBL599088,CHEMBL:CHEMBL599088
chembl:CHEMBL465226,GEDUNIN
iuphar.ligand:8901,SR9009
rxcui:1942950,INOTUZUMAB OZOGAMICIN
HGNC:1073,BMP6
iuphar.ligand:5681,GDC-0879
ncit:C169810,BEVENOPRAN
ncit:C90532,ENSITUXIMAB
chembl:CHEMBL3545137,PF-00477736
HP:0011999,Paranoia
HGNC:713,ARSA
rxcui:3356,DICLOXACILLIN
MONDO:0010383,fragile X syndrome
HP:0012043,Pendular nystagmus
ncit:C77880,MILATAXEL
UPHENO:0046323,abnormal creatine level
rxcui:1939323,VOXILAPREVIR
chembl:CHEMBL1546228,CHEMBL:CHEMBL1546228
rxcui:30236,MORPHINE SULFATE
HGNC:3363,ENTPD1
ncit:C75267,ENPIROLINE
HGNC:7106,ATXN3
rxcui:4453,FLUFENAMIC ACID
MP:0010062,decreased creatine level
HP:0002169,Clonus
rxcui:7716,ORPHENADRINE CITRATE
chembl:CHEMBL172064,E324
MONDO:0007182,Machado-Joseph disease
drugbank:DB17048,PLUMBAGIN
chembl:CHEMBL3545195,LY-3009120
HGNC:3312,ELAVL1
iuphar.ligand:2819,PROPYLPYRAZOLETRIOL
HP:0008765,Auditory hallucinations
MONDO:0020074,progressive myoclonus epilepsy
rxcui:236767,FENDILINE HYDROCHLORIDE
iuphar.ligand:7707,AZD4547
rxcui:7004,MITOTANE
iuphar.ligand:2703,GW1929
rxcui:4191,EVANS BLUE
ncit:C64776,NAVITOCLAX
iuphar.ligand:340,"WIN 62,577"
drugbank:DB15334,BIOCHANIN A
ncit:C116729,ILORASERTIB
HP:0030214,Hypersexuality
GO:1901563,response to camptothecin
chembl:CHEMBL1079421,PHENMEDIPHAM
MONDO:0015548,Huntington disease-like syndrome
rxcui:72236,FOSPHENYTOIN
HP:0012044,Seesaw nystagmus
chembl:CHEMBL2333550,MADOLIN T
ncit:C116624,NAVTEMADLIN
iuphar.ligand:8041,KU-60019
rxcui:5942,CLIOQUINOL
ncit:C71535,INDOXIMOD
HGNC:1461,CAMK2B
HGNC:4315,GLE1
chembl:CHEMBL533226,CHEMBL:CHEMBL533226
HGNC:9498,PSAP
chembl:CHEMBL1797713,CHEMBL:CHEMBL1797713
iuphar.ligand:9942,AZD0156
ncit:C241,ANALGESIC AGENT
rxcui:7440,NITRAZEPAM
HGNC:10011,RHEB
HGNC:483,ANG
Reactome:R-CFA-211945,Phase I - Functionalization of compounds
HGNC:1480,CAPN3
Reactome:R-BTA-500753,Pyrimidine biosynthesis
chembl:CHEMBL76398,CHEMBL:CHEMBL76398
HP:0033694,Tactile hallucination
rxcui:28889,LORATADINE
HP:0030215,Inappropriate crying
ncit:C174203,ERK1/2 INHIBITOR JSI-1187
ncit:C77872,GANETESPIB
drugbank:DB13072,GDC-0349
rxcui:142436,FENTANYL CITRATE
MONDO:0018938,mucopolysaccharidosis type 4
rxcui:339270,TEGASEROD MALEATE
MONDO:0011638,neuroferritinopathy
HP:0009591,Abnormality of the vestibulocochlear nerve
HGNC:11205,SP1
chembl:CHEMBL1256291,CHEMBL:CHEMBL1256291
MONDO:0019199,interstitial granulomatous dermatitis with arthritis
chembl:CHEMBL581880,CHEMBL:CHEMBL581880
HGNC:4932,HLA-B
HGNC:7464,MTNR1B
ncit:C121646,BELVARAFENIB
HP:0000741,Apathy
rxcui:38404,TOPIRAMATE
chembl:CHEMBL86464,CHEMBL:CHEMBL86464
ncit:C174856,NALTALIMIDE
ncit:C159200,BCL-2 INHIBITOR
HGNC:3214,EEF2
MONDO:0005752,epidural abscess
drugbank:DB12854,BMS-908662
chembl:CHEMBL582478,CHEMBL:CHEMBL582478
HGNC:800,ATP1A2
HGNC:4319,GLI3
rxcui:2174090,POLATUZUMAB VEDOTIN
rxcui:1552358,HESPERADIN
chembl:CHEMBL486004,KLUGINE
MONDO:0002562,demyelinating disease
chembl:CHEMBL2089002,DEMETHYLWEDELOLACTONE
rxcui:132889,LEVONORDEFRIN
chembl:CHEMBL586135,CHEMBL:CHEMBL586135
HP:0012179,Craniofacial dystonia
Reactome:R-DME-390651,Dopamine receptors
rxcui:993449,DENOSUMAB
chembl:CHEMBL3137313,AXELOPRAN
HGNC:234,ADCY3
ncit:C147521,CET KRAS ANTISENSE OLIGONUCLEOTIDE AZD4785
chembl:CHEMBL154580,CHEMBL:CHEMBL154580
MGI:96067,Htt
HGNC:4422,GNS
HP:0100851,Abnormal emotion/affect behavior
chembl:CHEMBL2109544,CDP-860
rxcui:40048,CARBOPLATIN
chembl:CHEMBL3545427,CM-082
ncit:C152146,RAFOXANIDE
chembl:CHEMBL1528359,CHEMBL:CHEMBL1528359
drugbank:DB16763,TYRPHOSTIN AG 835
chembl:CHEMBL52885,ENMD-981693
rxcui:1984,CANTHARIDIN
rxcui:9066,QUINESTROL
ncit:C78856,MTOR KINASE INHIBITOR AZD8055
chembl:CHEMBL223575,CHEMBL:CHEMBL223575
HP:0031958,Spastic paraparetic gait
ncit:C148229,PI3K/BET INHIBITOR LY294002
rxcui:114527,VINORELBINE TARTRATE
HP:0002451,Limb dystonia
HGNC:1759,CDH2
rxcui:235398,BENOXINATE HYDROCHLORIDE
HP:0031952,Neurogenic claudication
ncit:C47761,TOCAINIDE HYDROCHLORIDE
HGNC:18301,SLC2A14
ncit:C166623,AMILOMOTIDE
ncit:C1623,PATUPILONE
chembl:CHEMBL3544913,VIXOTRIGINE
rxcui:54236,OXATOMIDE
ncit:C76666,PROTOPORPHYRIN DISODIUM
rxcui:1546369,GENTIAN VIOLET CATION
chembl:CHEMBL2088731,CHEMBL:CHEMBL2088731
chembl:CHEMBL591618,CHEMBL:CHEMBL591618
HP:5200029,Social disinhibition
HGNC:17158,PLD3
MONDO:0033480,spinocerebellar ataxia 45
Reactome:R-MMU-390650,Histamine receptors
chembl:CHEMBL582439,ZAMPANOLIDE
chembl:CHEMBL2331680,RG-7603
HP:0011442,Abnormal central motor function
ncit:C71896,MOTESANIB
drugbank:DB12886,GSK-1521498
iuphar.ligand:168,VER-3323
chembl:CHEMBL208519,CHEMBL:CHEMBL208519
ncit:C1112,GELDANAMYCIN
rxcui:105069,NALTREXONE HYDROCHLORIDE
MONDO:0012246,spinocerebellar ataxia type 26
rxcui:9524,SULFASALAZINE
HP:0012048,Oromandibular dystonia
drugbank:DB06999,PLX-4720
rxcui:263034,PANITUMUMAB
MP:0010065,decreased circulating creatine level
HP:0000727,Frontal lobe dementia
MONDO:0008383,rheumatoid arthritis
chembl:CHEMBL4297438,T-817 MALEATE
drugbank:DB12254,ABT-751
MONDO:0002039,cognitive disorder
rxcui:56795,SUFENTANIL
rxcui:32673,OXYBENZONE
ncit:C81139,CLEMIZOLE
ncit:C1894,ENVIRONMENTAL ESTROGEN
chembl:CHEMBL4297892,ARX-788
ncit:C2026,TYRPHOSTIN A9
iuphar.ligand:8482,DECYNIUM 22
MONDO:0000837,bone resorption disease
Reactome:R-DRE-390651,Dopamine receptors
HGNC:8156,OPRM1
iuphar.ligand:8067,NVP-AEW541
ncit:C74108,SPIROXATRINE
HGNC:6600,LIG3
rxcui:6835,METHIMAZOLE
iuphar.ligand:730,CP55940
UPHENO:0081886,decreased level of coenzyme Q10 in independent continuant
HP:0002064,Spastic gait
rxcui:7402,NICLOSAMIDE
HP:0002500,Abnormal cerebral white matter morphology
chembl:CHEMBL480328,CHEMBL:CHEMBL480328
chembl:CHEMBL465339,MUNDULONE
HGNC:4390,GNAQ
MONDO:0016681,gliosarcoma
HGNC:11007,SLC2A3
drugbank:DB05146,XL820
rxcui:203204,BUPROPION HYDROCHLORIDE
chembl:CHEMBL462576,KEPONE
rxcui:5499,HYDROGEN PEROXIDE
chembl:CHEMBL2088730,CHEMBL:CHEMBL2088730
rxcui:319868,"1,4-BENZOQUINONE"
HGNC:1260,CFAP410
drugbank:DB11962,GSK-1059615
MONDO:0015494,isolated dystonia
chembl:CHEMBL578061,CHEMBL:CHEMBL578061
HP:0010545,Downbeat nystagmus
ncit:C81434,PIRMENOL
Reactome:R-BTA-390651,Dopamine receptors
ncit:C166815,METITEPINE
rxcui:81992,DAUNORUBICIN HYDROCHLORIDE
drugbank:DB12429,CI-1040
ncit:C61564,VINFLUNINE
chembl:CHEMBL77,ARTEMISIN
CHEBI:48132,tetracenomycin
ncit:C66558,SPIPERONE
chembl:CHEMBL2108058,VANUTIDE CRIDIFICAR
chembl:CHEMBL523200,CHEMBL:CHEMBL523200
chembl:CHEMBL265582,TNF-ALPHA
MONDO:0004970,adenocarcinoma
chembl:CHEMBL3833346,TOFERSEN
chembl:CHEMBL589245,CHEMBL:CHEMBL589245
rxcui:1819,BUPRENORPHINE
ncit:C184881,ONTERNABEZ
ncit:C1682,"L-744,832"
drugbank:DB17059,TW-37
ncit:C62444,PLINABULIN
CHEBI:87113,antibiotic antifungal drug
rxcui:1366666,ROTENONE
rxcui:235743,METFORMIN HYDROCHLORIDE
iuphar.ligand:12432,CUCURBITACIN B
chembl:CHEMBL3545263,LGX-806
MONDO:0005311,atherosclerosis
drugbank:DB13109,PKI-179
HGNC:4329,GLRB
chembl:CHEMBL1334191,CHEMBL:CHEMBL1334191
chembl:CHEMBL1880739,GW305074X
iuphar.ligand:5934,BAY 11-7082
chembl:CHEMBL375673,CHEMBL:CHEMBL375673
UPHENO:0080592,abnormal agitation behavior
iuphar.ligand:12437,COUMESTROL
ncit:C76054,BEGACESTAT
rxcui:11199,VINBLASTINE SULFATE
MONDO:0021136,rare
chembl:CHEMBL1415851,CHEMBL:CHEMBL1415851
iuphar.ligand:6934,CRENEZUMAB
chembl:CHEMBL238188,OSAJIN
HGNC:236,ADCY5
rxcui:235419,LEVALLORPHAN TARTRATE
MONDO:0019794,autosomal dominant cerebellar ataxia type IV
ncit:C2167,EPIDERMAL GROWTH FACTOR RECEPTOR TYROSINE KINASE INHIBITOR
HP:0025549,Eccentric visual fixation
rxcui:51487,IPRIFLAVONE
HGNC:32,ABCA2
chembl:CHEMBL570176,CHEMBL:CHEMBL570176
MONDO:0000114,cerebelloparenchymal disorder
rxcui:1597373,PARITAPREVIR
rxcui:337523,IXABEPILONE
chembl:CHEMBL534535,CHEMBL:CHEMBL534535
chembl:CHEMBL578915,CHEMBL:CHEMBL578915
rxcui:203118,CEFOXITIN SODIUM
drugbank:DB07348,BREFELDIN A
UPHENO:0084537,abnormal amino acid derivative level
HP:0000752,Hyperactivity
iuphar.ligand:6008,MEK1/2 INHIBITOR
rxcui:677,AMINOGLUTETHIMIDE
chembl:CHEMBL243664,ACACETIN
ncit:C87352,ANILERIDINE PHOSPHATE
ncit:C152829,VANUTIDE CRIDIFICAR
HGNC:10555,ATXN2
chembl:CHEMBL428789,CHEMBL:CHEMBL428789
HP:0002136,Broad-based gait
rxcui:1918231,NIRAPARIB
MGI:1914342,Gatm
ncit:C1098,FENRETINIDE
CHEBI:50694,minocycline
ncit:C62521,MOCETINOSTAT
rxcui:1945077,COPANLISIB
iuphar.ligand:9702,TUBASTATIN A
ncit:C167393,COMMENSAL BACTERIAL STRAIN FORMULATION VE800
ncit:C978,DOXIFLURIDINE
rxcui:4492,FLUOROURACIL
MONDO:0010830,neuronal ceroid lipofuscinosis 8
chembl:CHEMBL546597,CHEMBL:CHEMBL546597
chembl:CHEMBL458765,CHEMBL:CHEMBL458765
rxcui:1309980,SOYBEAN SEED OIL
rxcui:155056,PROCAINAMIDE HYDROCHLORIDE
chembl:CHEMBL1797707,CHEMBL:CHEMBL1797707
rxcui:1371041,ADO-TRASTUZUMAB EMTANSINE
HP:0002141,Gait imbalance
rxcui:8310,PHYTOSTEROLS
rxcui:75917,INTERFERON BETA-1A
chembl:CHEMBL515617,CHEMBL:CHEMBL515617
HGNC:4812,HAP1
UPHENO:0079829,abnormal aggressive behavior
rxcui:8076,PERPHENAZINE
iuphar.ligand:1623,ENDOMORPHIN-1
MONDO:0012235,autosomal recessive spinocerebellar ataxia 7
MONDO:0008119,spinocerebellar ataxia type 1
iuphar.ligand:10387,TAK-632
rxcui:7005,MITOXANTRONE
chembl:CHEMBL1519374,CHEMBL:CHEMBL1519374
rxcui:221126,MORICIZINE HYDROCHLORIDE
rxcui:1368643,CARMINIC ACID
iuphar.ligand:5551,WEDELOLACTONE
ncit:C175162,NIHYDRAZONE
chembl:CHEMBL3545323,PWT-33579
ncit:C175135,METHYLSAMIDORPHAN
ncit:C80058,FORETINIB
chembl:CHEMBL1725279,SP-600125
drugbank:DB14680,COMBRETASTATIN A4
chembl:CHEMBL514057,GERONTOXANTHONE H
ncit:C866,TETRADECANOYLPHORBOL ACETATE
HP:0025682,Crouch gait
Reactome:R-DDI-611105,Respiratory electron transport
ncit:C114381,TELAGLENASTAT
chembl:CHEMBL3544963,DS-3078A
drugbank:DB11888,LANINAMIVIR OCTANOATE
chembl:CHEMBL1337502,BENZO[B]FLUORANTHENE
chembl:CHEMBL68534,CHEMBL:CHEMBL68534
rxcui:235752,BEPRIDIL HYDROCHLORIDE
chembl:CHEMBL414890,PROTOAPIGENONE
chembl:CHEMBL210868,AURIN
chembl:CHEMBL104255,FLAVOKAWAIN B
MONDO:0011851,"migraine with or without aura, susceptibility to, 6"
HP:0001348,Brisk reflexes
chembl:CHEMBL3833330,CINPANEMAB
ncit:C83617,CETYLPYRIDINIUM BROMIDE
HGNC:11167,SNTA1
ncit:C152466,SULOCTIDIL
ncit:C122987,SCYLLITOL
MONDO:0100148,X-linked complex neurodevelopmental disorder
HGNC:4922,HK1
rxcui:805452,ROMIPLOSTIM
drugbank:DB06518,R-1487
ncit:C169790,ATAGABALIN
rxcui:39541,VINORELBINE
rxcui:2626143,LECANEMAB
rxcui:1000492,RESVERATROL
rxcui:2105806,GILTERITINIB
MONDO:0018772,Joubert syndrome
HP:0012407,Scissor gait
rxcui:140587,CELECOXIB
chembl:CHEMBL56393,CHEMBL:CHEMBL56393
rxcui:7531,NORTRIPTYLINE
drugbank:DB11795,GSK-2636771
chembl:CHEMBL1256660,CHEMBL:CHEMBL1256660
rxcui:41127,FLUVASTATIN
rxcui:83395,SAQUINAVIR
chembl:CHEMBL579957,CHEMBL:CHEMBL579957
HP:0002395,Lower limb hyperreflexia
NBO:0000608,hallucination
HGNC:48,ABCB7
rxcui:25138,FLUORESCEIN
HP:0007240,Progressive gait ataxia
UPHENO:0081544,abnormal role urine level
chembl:CHEMBL1722838,XANTHOANGELOL F
rxcui:859857,SAQUINAVIR MESYLATE
rxcui:221107,HYDROCODONE POLISTIREX
ncit:C1890,ADENOVIRUS VECTOR
chembl:CHEMBL451197,OXIDOPAMINE HYDROCHLORIDE
chembl:CHEMBL39541,DOLASTATIN-10
rxcui:57330,TRANILAST
rxcui:235373,DIFENOXIN HYDROCHLORIDE
chembl:CHEMBL255300,CHEMBL:CHEMBL255300
ncit:C1015,UBENIMEX
ncit:C97512,FAMITINIB
rxcui:3403,DIGITOXIN
HP:0100710,Impulsivity
rxcui:1790539,INFLIXIMAB-DYYB
ncit:C28694,LAPACHONE
rxcui:1427224,FLORBETAPIR F-18
chembl:CHEMBL1456848,CHEMBL:CHEMBL1456848
ncit:C1742,ANGIOGENESIS INHIBITOR
HGNC:3999,FTL
rxcui:11202,VINCRISTINE
MONDO:0019321,atypical Werner syndrome
chembl:CHEMBL509999,AROMOLINE
ncit:C180835,EXARAFENIB
chembl:CHEMBL1481509,CHEMBL:CHEMBL1481509
rxcui:1307298,ENZALUTAMIDE
HP:0200147,Neuronal loss in basal ganglia
ncit:C167334,PEGYLATED SN-38 CONJUGATE PLX038
iuphar.ligand:7935,MIRDAMETINIB
iuphar.ligand:5206,JNJ1661010
chembl:CHEMBL600353,CHEMBL:CHEMBL600353
rxcui:1426778,PHENYLMERCURIC ACETATE
drugbank:DB04459,"3,4-DICHLOROISOCOUMARIN"
rxcui:82005,DIPHENOXYLATE HYDROCHLORIDE
chembl:CHEMBL1398631,LAURYL ISOQUINOLINIUM
Reactome:R-CEL-500753,Pyrimidine biosynthesis
rxcui:1544460,IDELALISIB
chembl:CHEMBL2095095,CHEMBL:CHEMBL2095095
rxcui:52071,LINOLENIC ACID
MONDO:0005402,lymphoid leukemia
rxcui:4179,ETOPOSIDE
iuphar.ligand:9815,CCT196969
drugbank:DB05903,KOS-1584
MONDO:0008458,spinocerebellar ataxia type 2
HP:0030219,Semantic dementia
iuphar.ligand:12616,DS-7423
rxcui:6851,METHOTREXATE
ncit:C106119,SOFITUZUMAB VEDOTIN
Reactome:R-CFA-390651,Dopamine receptors
chembl:CHEMBL4297422,RG-4733
chembl:CHEMBL588038,CHEMBL:CHEMBL588038
drugbank:DB06082,PX-478
HGNC:4440,GP1BB
MONDO:0005355,coronary restenosis
chembl:CHEMBL268868,DAPH
MONDO:0043544,nosocomial infection
iuphar.ligand:7518,I-BET151
HGNC:30500,PRRT2
iuphar.ligand:1647,DAMGO
rxcui:38377,TOLFENAMIC ACID
HGNC:18381,SYT12
rxcui:1100071,ABIRATERONE ACETATE
chembl:CHEMBL1317986,CHEMBL:CHEMBL1317986
rxcui:25193,FLUPIRTINE
HP:0031879,Abnormal eyelid physiology
rxcui:27403,IFENPRODIL
ncit:C66493,PROPOXYCAINE HYDROCHLORIDE
CHEBI:9168,sirolimus
ncit:C170951,BRAF(V600E) KINASE INHIBITOR ABM-1310
chembl:CHEMBL589715,CHEMBL:CHEMBL589715
chembl:CHEMBL1160008,IODOPHTHALEIN
rxcui:3521,DIPYRIDAMOLE
chembl:CHEMBL590706,CHEMBL:CHEMBL590706
rxcui:1147320,BRENTUXIMAB VEDOTIN
ncit:C71704,VOXTALISIB
chembl:CHEMBL482050,CHEMBL:CHEMBL482050
HGNC:16154,SNX21
rxcui:216449,DENATURED ETHANOL
drugbank:DB05241,XL765
rxcui:236601,SERTACONAZOLE NITRATE
drugbank:DB05190,XL281
MONDO:0008695,chorea-acanthocytosis
chembl:CHEMBL2109281,RG-7600
chembl:CHEMBL471225,CHEMBL:CHEMBL471225
chembl:CHEMBL210208,PYROGALLOL RED
drugbank:DB03428,SU9516
chembl:CHEMBL578257,CHEMBL:CHEMBL578257
MONDO:0011593,"seizures, benign familial infantile, 2"
HGNC:9154,PNKP
ncit:C71717,ALISERTIB
ncit:C596,IONOMYCIN
ncit:C62600,DAVAMOTECAN PEGADEXAMER
ncit:C92591,BRAF(V600E) KINASE INHIBITOR RO5212054
rxcui:2392230,OLICERIDINE
chembl:CHEMBL1519327,ZIRAM
rxcui:8782,PROPOFOL
MONDO:0007493,torsion dystonia 4
ncit:C112001,LADIRATUZUMAB VEDOTIN
HP:0031826,Abnormal reflex
CHEBI:35610,antineoplastic agent
chembl:CHEMBL2108328,AMILOMOTIDE
ncit:C77290,FRAKEFAMIDE
chembl:CHEMBL584458,CHEMBL:CHEMBL584458
chembl:CHEMBL581225,CHEMBL:CHEMBL581225
chembl:CHEMBL311489,CHEMBL:CHEMBL311489
Reactome:R-HSA-211945,Phase I - Functionalization of compounds
chembl:CHEMBL580609,CHEMBL:CHEMBL580609
chembl:CHEMBL51931,"9,10-PHENANTHRENEQUINONE"
rxcui:10804,TRIFLUPERIDOL
drugbank:DB15317,POSIPHEN
HP:0002119,Ventriculomegaly
MONDO:0016112,hereditary inclusion-body myopathy
chembl:CHEMBL249447,CHEMBL:CHEMBL249447
ncit:C98053,TOZASERTIB
rxcui:18889,BENOXINATE
chembl:CHEMBL590686,CHEMBL:CHEMBL590686
ncit:C116747,LIFASTUZUMAB VEDOTIN
chembl:CHEMBL399491,PYRROLIDINE DITHIOCARBAMATE
rxcui:8703,FENOFIBRATE
HP:5200125,Aggression toward others
rxcui:90,EICOSAPENTAENOIC ACID
rxcui:1727455,ALECTINIB
rxcui:2683,COLCHICINE
iuphar.ligand:7936,PF-04691502
MONDO:0014641,frontotemporal dementia and/or amyotrophic lateral sclerosis 4
HGNC:2347,CREB3
MONDO:0030318,"spinocerebellar ataxia, autosomal recessive 30"
chembl:CHEMBL585591,CHEMBL:CHEMBL585591
CHEBI:46848,N-arylpiperazine
chembl:CHEMBL1834675,SPHAEROPSIDIN A
MONDO:0015905,syndromic dyslipidemia
rxcui:5509,HYDROQUINONE
rxcui:71512,PHENOXYBENZAMINE HYDROCHLORIDE
ncit:C104744,ULIXERTINIB
rxcui:3007,CYCLOSERINE
rxcui:203185,MEPIVACAINE HYDROCHLORIDE
ncit:C106254,TOVORAFENIB
chembl:CHEMBL1242196,DEHYDROMUTACTIN
Reactome:R-HSA-9022692,Regulation of MECP2 expression and activity
CHEBI:26979,organic heterotricyclic compound
ncit:C111898,BIMIRALISIB
ncit:C1884,ORANTINIB
ncit:C626,MAYTANSINE
ncit:C162555,PUQUITINIB
HP:0004373,Focal dystonia
iuphar.ligand:5928,KU-55933
ncit:C122836,MTORC1/2 KINASE INHIBITOR BI 860585
chembl:CHEMBL3545209,NKTR-171
chembl:CHEMBL581872,CHEMBL:CHEMBL581872
chembl:CHEMBL2063681,CHEMBL:CHEMBL2063681
chembl:CHEMBL2333548,CHEMBL:CHEMBL2333548
rxcui:2571093,TISOTUMAB VEDOTIN-TFTV
iuphar.ligand:6000,KENPAULLONE
iuphar.ligand:9176,WZ4002
rxcui:5650,IDARUBICIN
ncit:C179571,FISETIN
HP:0012246,Oculomotor nerve palsy
drugbank:DB08073,(2S)-1-(1H-INDOL-3-YL)-3-{[5-(3-METHYL-1H-INDAZOL-5-YL)PYRIDIN-3-YL]OXY}PROPAN-2-AMINE
MONDO:0007435,dentatorubral-pallidoluysian atrophy
rxcui:10689,TRAMADOL
iuphar.ligand:7951,BGT-226
rxcui:72610,TROGLITAZONE
HP:0001332,Dystonia
HP:0002356,Writer's cramp
ncit:C29618,THERAPEUTIC ANDROSTANOLONE
rxcui:3628,DOPAMINE
chembl:CHEMBL1270169,CHEMBL:CHEMBL1270169
rxcui:11065,URSODIOL
rxcui:24698,FLUDARABINE
HP:0002544,Retrocollis
chembl:CHEMBL592124,CHEMBL:CHEMBL592124
rxcui:1311634,MERCURIC CHLORIDE
chembl:CHEMBL525826,CHEMBL:CHEMBL525826
ncit:C150248,ERK1/2 INHIBITOR ERAS-007
rxcui:187832,PREGABALIN
HP:0007064,Progressive language deterioration
ncit:C76219,CARBENICILLIN INDANYL
chembl:CHEMBL84010,CHEMBL:CHEMBL84010
ncit:C165549,OLVEREMBATINIB
MONDO:0018770,Jeune syndrome
rxcui:2628190,FUTIBATINIB
rxcui:8723,PROFLAVINE
GO:0060004,reflex
chembl:CHEMBL1224755,CHEMBL:CHEMBL1224755
HP:0010794,Impaired visuospatial constructive cognition
ncit:C171712,CYCLOHEXIMIDE
Reactome:R-GGA-390651,Dopamine receptors
rxcui:1482502,ESLICARBAZEPINE
drugbank:DB04769,"5-QUINOXALIN-6-YLMETHYLENE-THIAZOLIDINE-2,4-DIONE"
HP:0002530,Axial dystonia
drugbank:DB06669,ARVERAPAMIL
iuphar.ligand:7012,GSK126
rxcui:203197,PHENAZOPYRIDINE HYDROCHLORIDE
rxcui:10878,TRYPAN BLUE
rxcui:10510,THIOTHIXENE
HP:0100543,Cognitive impairment
ncit:C124995,LIFIRAFENIB
chembl:CHEMBL582473,CHEMBL:CHEMBL582473
rxcui:38252,TIANEPTINE
chembl:CHEMBL584442,CHEMBL:CHEMBL584442
ncit:C96747,VERUBULIN
rxcui:134547,BENDAMUSTINE
chembl:CHEMBL571700,BIS(DIMETHYLAMINETHIOCARBONYL)MONOSULFIDE
rxcui:591781,ECULIZUMAB
chembl:CHEMBL541388,FASUDIL HYDROCHLORIDE
HP:0002300,Mutism
rxcui:5521,HYDROXYCHLOROQUINE
CHEBI:3992,cyclic ketone
rxcui:1299922,DOCETAXEL ANHYDROUS
rxcui:41875,QUINIDINE POLYGALACTURONATE
wikidata:Q6804161,MEASLES VACCINE
HGNC:1665,SCARB2
chembl:CHEMBL221907,CUDRAFLAVONE B
HGNC:9280,PPOX
HP:0012547,Abnormal involuntary eye movements
HGNC:10537,SARS1
CHEBI:50919,antiemetic
rxcui:10735,TRAPIDIL
ncit:C62639,BMS-275183
HP:0031954,Dystonic gait
rxcui:11359,LUTEIN
ncit:C106120,P53-HDM2 INTERACTION INHIBITOR MI-773
chembl:CHEMBL449158,BRYOSTATIN
chembl:CHEMBL581251,CHEMBL:CHEMBL581251
ncit:C77363,DECAMETHONIUM
rxcui:33253,PHENACEMIDE
drugbank:DB12774,AZD-8055
chembl:CHEMBL578878,CHEMBL:CHEMBL578878
chembl:CHEMBL607253,CHEMBL:CHEMBL607253
chembl:CHEMBL1256737,METHIOTHEPIN MESYLATE
UPHENO:0051613,abnormal independent continuant creatine level
HP:0001250,Seizure
rxcui:9060,QUERCETIN
HP:0007123,Subcortical dementia
iuphar.ligand:7714,AZD8055
chembl:CHEMBL1224789,VOLVALERENAL D
rxcui:266573,TOPOTECAN HYDROCHLORIDE
rxcui:1374845,TRAMIPROSATE
rxcui:8727,PROGESTERONE
chembl:CHEMBL1201733,PAZOPANIB HYDROCHLORIDE
FB:FBgn0027655,htt
ncit:C99165,DNA-DEPENDENT PROTEIN KINASE-TARGETING SIDNA DT01
rxcui:25480,GABAPENTIN
drugbank:DB02052,INDIRUBIN-3'-MONOXIME
chembl:CHEMBL1546223,CHEMBL:CHEMBL1546223
rxcui:2289380,SELUMETINIB
rxcui:1862579,RUCAPARIB
rxcui:132871,ACETYLDIGITOXIN
ncit:C152216,RIGOSERTIB
chembl:CHEMBL602969,CHEMBL:CHEMBL602969
HGNC:9509,PSEN2
chembl:CHEMBL64239,CHEMBL:CHEMBL64239
rxcui:228080,PIRENOXINE
HP:0001251,Ataxia
rxcui:10180,SULFAMETHOXAZOLE
chembl:CHEMBL80155,CHEMBL:CHEMBL80155
MONDO:0018945,McLeod neuroacanthocytosis syndrome
MONDO:0006669,bacterial endocarditis
chembl:CHEMBL579318,CHEMBL:CHEMBL579318
HP:5200127,Aggression toward non caregivers
ncit:C71531,GANITUMAB
ncit:C196,"BENZO(A)PYRENE-7,8-DIOL 9,10-EPOXIDE"
ncit:C81040,CYCLOVALONE
iuphar.ligand:1347,6-HYDROXYMELATONIN
MONDO:0021042,glioma
ncit:C87325,RIMACALIB
chembl:CHEMBL1492044,FLUORESCEIN DIACETATE
iuphar.ligand:2674,GW7647
MONDO:0000437,cerebellar ataxia
rxcui:1297882,AMOXICILLIN ANHYDROUS
chembl:CHEMBL599924,CHEMBL:CHEMBL599924
HP:0006896,Hypnopompic hallucinations
chembl:CHEMBL463526,LICARIN A
HP:0002186,Apraxia
HP:0002268,Paroxysmal dystonia
ncit:C121950,XANTHOHUMOL
chembl:CHEMBL465843,PIPLARTINE
rxcui:3264,DEXAMETHASONE
HGNC:2348,CREBBP
HP:0002591,Polyphagia
ncit:C2351,HYPERBARIC OXYGEN
MONDO:0011439,spinocerebellar ataxia type 12
chembl:CHEMBL600738,CHEMBL:CHEMBL600738
HP:0002361,Psychomotor deterioration
MONDO:0011811,autosomal recessive cerebellar ataxia-saccadic intrusion syndrome
chembl:CHEMBL1329443,CHEMBL:CHEMBL1329443
rxcui:183379,RIVASTIGMINE
HP:0010544,Vertical nystagmus
HP:0012651,Abasia
iuphar.ligand:8527,AZD8186
ncit:C152706,TRACAZOLATE
ncit:C291,6-AZAURIDINE
rxcui:1653781,ELUXADOLINE
ncit:C1703,TIPIFARNIB
chembl:CHEMBL580727,CHEMBL:CHEMBL580727
drugbank:DB02365,"1,10-PHENANTHROLINE"
MONDO:0005299,brain ischemia
ncit:C844,STREPTONIGRIN
drugbank:DB13174,RHEIN
rxcui:114477,LEVETIRACETAM
chembl:CHEMBL463563,ISOTHYMONIN
rxcui:5489,HYDROCODONE
drugbank:DB12241,TAK-733
ncit:C104167,PINATUZUMAB VEDOTIN
ncit:C142973,BUPARLISIB HYDROCHLORIDE
HP:0002145,Frontotemporal dementia
rxcui:2562546,HONOKIOL
rxcui:1535457,CERITINIB
iuphar.ligand:14,GR 127935
drugbank:DB03225,D-TRYPTOPHAN
chembl:CHEMBL257748,CHEMBL:CHEMBL257748
MONDO:0005134,experimental autoimmune encephalomyelitis
HGNC:5985,IL17RA
HGNC:11834,TKT
chembl:CHEMBL576412,CHEMBL:CHEMBL576412
drugbank:DB17040,PD-169316
rxcui:20875,CHLOROXINE
MONDO:0024237,inherited neurodegenerative disorder
drugbank:DB13093,TAK-593
iuphar.ligand:5984,HERBIMYCIN A
chembl:CHEMBL604321,CHEMBL:CHEMBL604321
rxcui:596205,RAMELTEON
iuphar.ligand:8056,SCH772984
chembl:CHEMBL1343568,CHEMBL:CHEMBL1343568
chembl:CHEMBL3545155,JI-101
ncit:C112002,CEBRANOPADOL
HGNC:11588,TBP
rxcui:1940643,NERATINIB
ncit:C37899,TANESPIMYCIN
iuphar.ligand:484,NORADRENALINE
chembl:CHEMBL1393904,MIRIPIRIUM
drugbank:DB08660,QUINALIZARIN
iuphar.ligand:4307,SB202190
chembl:CHEMBL602946,CHEMBL:CHEMBL602946
ncit:C2438,RAS PEPTIDE CANCER VACCINE
chembl:CHEMBL71893,ABIETIC ACID
rxcui:2103164,LORLATINIB
chembl:CHEMBL1489769,LASALOCID A SODIUM
HP:0000745,Diminished motivation
ncit:C126687,RINETERKIB
MONDO:0016160,X-linked intellectual disability-epilepsy syndrome
MONDO:0011464,spinocerebellar ataxia type 11
HP:0020046,Accommodative esotropia
rxcui:120608,PEGINTERFERON ALFA-2A
rxcui:1314255,HESPERETIN
HP:0000486,Strabismus
MONDO:0020380,autosomal dominant cerebellar ataxia
chembl:CHEMBL3545285,XL-999
ncit:C1029,BUTHIONINE SULFOXIMINE
rxcui:4678,GANCICLOVIR
ncit:C104292,PANULISIB
chembl:CHEMBL116548,CHEMBL:CHEMBL116548
chembl:CHEMBL1089636,ANG1005
HGNC:5186,PRMT2
chembl:CHEMBL29197,CHEMBL:CHEMBL29197
iuphar.ligand:8036,PF-4708671
rxcui:104728,CHLORPROMAZINE HYDROCHLORIDE
rxcui:2621548,MIRVETUXIMAB SORAVTANSINE
ncit:C74043,DUAL IGF-1R/INSR INHIBITOR BMS-754807
ncit:C96305,AVAGACESTAT
rxcui:1427193,DIETHYLDITHIOCARBAMATE
MONDO:0007739,Huntington disease
MONDO:0015244,autosomal recessive cerebellar ataxia
MONDO:0021022,hereditary hyperekplexia
rxcui:1148495,CRIZOTINIB
chembl:CHEMBL30432,GW282974X
CHEBI:27656,camptothecin
rxcui:1722365,COBIMETINIB
rxcui:1368647,FERULIC ACID
ncit:C61739,D-SERINE
chembl:CHEMBL4297971,PEPTIDE YY HUMAN (3-36)
MONDO:0001751,cholestasis
HP:0034674,Abnormal ankle physiology
chembl:CHEMBL299853,CHEMBL:CHEMBL299853
HP:0000719,Inappropriate behavior
HP:0001288,Gait disturbance
rxcui:11203,VINCRISTINE SULFATE
rxcui:221171,THONZONIUM BROMIDE
HP:0006919,"Abnormal aggressive, impulsive or violent behavior"
chembl:CHEMBL2151205,E-2212
rxcui:8754,PROPAFENONE
ncit:C1594,ANTHRACYCLINE ANTINEOPLASTIC ANTIBIOTIC
MP:0030633,decreased urine creatine level
RGD:1304562,Tbc1d1
chembl:CHEMBL598903,CHEMBL:CHEMBL598903
rxcui:37776,TEMOZOLOMIDE
chembl:CHEMBL586937,CHEMBL:CHEMBL586937
ncit:C66029,LOMERIZINE
rxcui:236539,ROPIVACAINE HYDROCHLORIDE
rxcui:194337,VORINOSTAT
rxcui:71517,PROPOXYPHENE HYDROCHLORIDE
CHEBI:26509,quinoline alkaloid
rxcui:27929,LANATOSIDE C
UPHENO:0080033,increased reflex in pelvic complex
HGNC:4910,HIF1A
chembl:CHEMBL184074,CHEMBL:CHEMBL184074
drugbank:DB17046,PI-103
ncit:C48427,LAROTAXEL
rxcui:1922448,SAFINAMIDE
rxcui:85762,RITONAVIR
rxcui:2169285,ALPELISIB
ncit:C90581,AKT INHIBITOR MK2206
chembl:CHEMBL587620,CHEMBL:CHEMBL587620
MONDO:0009696,juvenile myoclonic epilepsy
ncit:C95888,PLOCABULIN
HGNC:535,ANXA11
iuphar.ligand:161,BW723C86
chembl:CHEMBL2141712,PALOMID-529
rxcui:4136,ETHOTOIN
ncit:C87264,MECETRONIUM
rxcui:10432,THALIDOMIDE
HGNC:613,APOE
HGNC:7989,NRAS
ncit:C126798,PIDNARULEX
chembl:CHEMBL461193,CHEMBL:CHEMBL461193
ncit:C28211,ENCLOMIPHENE
HP:0030220,Socially inappropriate behavior
MONDO:0005260,autism
MONDO:0005359,drug-induced liver injury
rxcui:7435,NISOLDIPINE
chembl:CHEMBL1814509,CHEMBL:CHEMBL1814509
rxcui:2473230,PACLITAXEL POLIGLUMEX
HGNC:4389,GNAO1
HGNC:34,ABCA4
rxcui:91130,TRIFLUOPERAZINE HYDROCHLORIDE
MONDO:0005559,neurodegenerative disease
MONDO:0005070,neoplasm
HP:0031472,Risk taking
chembl:CHEMBL176570,PSOROMIC ACID
rxcui:7418,NIFLUMIC ACID
MONDO:0013352,intellectual disability-severe speech delay-mild dysmorphism syndrome
rxcui:3363,ZALCITABINE
HP:0001304,Torsion dystonia
ncit:C83785,IMAGABALIN
chembl:CHEMBL515505,CHEMBL:CHEMBL515505
chembl:CHEMBL469424,ASTERRIC ACID
HGNC:4419,GNRH1
ncit:C78845,TETRODOTOXIN
HP:0000748,Inappropriate laughter
rxcui:2117,ARTICAINE HYDROCHLORIDE
rxcui:6857,METHOXYFLURANE
HP:0006801,Hyperactive deep tendon reflexes
MONDO:0019792,autosomal dominant cerebellar ataxia type I
rxcui:1747556,VENETOCLAX
HP:0000473,Torticollis
rxcui:1368147,CAPTAN
iuphar.ligand:7765,NP118809
rxcui:227778,PROPARACAINE HYDROCHLORIDE
iuphar.ligand:177,"L-741,626"
chembl:CHEMBL4297555,RESIMMUNE
ncit:C80060,AVUTOMETINIB
HP:0010542,Vestibular nystagmus
rxcui:1364347,PONATINIB
HP:5200045,Reduced impulse control
ncit:C1612,GLUFOSFAMIDE
rxcui:265323,MYCOPHENOLATE
CHEBI:77906,minocycline zwitterion
chembl:CHEMBL596633,CHEMBL:CHEMBL596633
rxcui:161,ACETAMINOPHEN
rxcui:7417,NIFEDIPINE
ncit:C975,AFIMOXIFENE
iuphar.ligand:7965,ZSTK474
rxcui:203168,AMITRIPTYLINE HYDROCHLORIDE
ncit:C64540,CENISERTIB
chembl:CHEMBL586031,CHEMBL:CHEMBL586031
MONDO:0010100,Tay-Sachs disease
chembl:CHEMBL194400,HEPTACHLOR
rxcui:7816,OXYPHENBUTAZONE
HGNC:10889,SIX3
chembl:CHEMBL1173445,LARGAZOLE
chembl:CHEMBL599098,CHEMBL:CHEMBL599098
chembl:CHEMBL591834,CHEMBL:CHEMBL591834
HP:0000597,Ophthalmoparesis
chembl:CHEMBL177126,CHEMBL:CHEMBL177126
ncit:C170364,RAVOXERTINIB
rxcui:1102261,TELAPREVIR
chembl:CHEMBL3545069,PELAREOREP
ncit:C91381,FUTUXIMAB/MODOTUXIMAB MIXTURE
rxcui:7243,NALTREXONE
chembl:CHEMBL469036,ENNIATIN B
HP:0010877,Monocular strabismus
HGNC:865,ATP6V0A1
HP:0009921,Duane anomaly
rxcui:1535922,RAMUCIRUMAB
ncit:C48404,TANDUTINIB
drugbank:DB05210,SF1126
chembl:CHEMBL1979636,"FUCHSIN, BASIC"
ncit:C116877,PAXALISIB
Reactome:R-GGA-211945,Phase I - Functionalization of compounds
ncit:C127116,DUBERMATINIB
rxcui:6390,LIDOFLAZINE
rxcui:10256,SURAMIN
rxcui:142430,CLEMASTINE FUMARATE
HP:0000738,Hallucinations
chembl:CHEMBL77030,TYRPHOSTIN 47
ncit:C116861,PAN-RAF INHIBITOR LY3009120
ncit:C84864,PIMASERTIB
HGNC:18224,ZRANB1
rxcui:3108,DAPSONE
ncit:C82696,MEK INHIBITOR RO4987655
HGNC:30035,PIK3R5
chembl:CHEMBL74852,CHEMBL:CHEMBL74852
ncit:C171856,AXELOPRAN
iuphar.ligand:5919,AKT INHIBITOR IV
chembl:CHEMBL2349065,PETROSIOL A
HP:0010521,Gait apraxia
drugbank:DB02272,PORPHOBILINOGEN
ncit:C13008,LYMPHOKINE-ACTIVATED KILLER CELLS
chembl:CHEMBL584883,CHEMBL:CHEMBL584883
rxcui:3920,ENFLURANE
HGNC:694,ARL3
rxcui:6646,MAPROTILINE
rxcui:1875534,AVELUMAB
chembl:CHEMBL1438389,CHEMBL:CHEMBL1438389
rxcui:10472,THIMEROSAL
UBERON:0001088,urine
rxcui:10995,URACIL
chembl:CHEMBL3545006,PWT-33587
chembl:CHEMBL578512,CHEMBL:CHEMBL578512
chembl:CHEMBL1534035,CHEMBL:CHEMBL1534035
HGNC:494,ANK3
chembl:CHEMBL191044,BENZOXATHIAN
ncit:C186402,VALILTRAMIPROSATE
iuphar.ligand:9335,YM-254890
chembl:CHEMBL587849,CHEMBL:CHEMBL587849
ncit:C72582,PILSICAINIDE
MONDO:0011175,Friedreich ataxia 2
drugbank:DB14980,AZD-6482
HP:0000565,Esotropia
CHEBI:35681,secondary alcohol
rxcui:142433,DOXORUBICIN HYDROCHLORIDE
iuphar.ligand:5259,RO31-8220
rxcui:1490468,TASIMELTEON
chembl:CHEMBL526034,CHEMBL:CHEMBL526034
HP:0002505,Loss of ambulation
HP:5200241,Recurrent maladaptive behavior
chembl:CHEMBL23327,PURVALANOLA
rxcui:10800,TRIFLUOPERAZINE
rxcui:21241,CLOBAZAM
chembl:CHEMBL609628,CHEMBL:CHEMBL609628
ncit:C83573,CALCIMYCIN
iuphar.ligand:12462,EPICATECHIN GALLATE
rxcui:1919503,DURVALUMAB
ncit:C66417,PIRENPERONE
Reactome:R-DME-390666,Serotonin receptors
rxcui:1242999,AXITINIB
MONDO:0018307,neurodegeneration with brain iron accumulation
iuphar.ligand:8477,AZ20
HP:0002354,Memory impairment
HGNC:1097,BRAF
iuphar.ligand:8019,SB-415286
HGNC:291,ADSL
rxcui:8785,PROPOXYPHENE
chembl:CHEMBL687,ACETYLSULFANILAMIDE
chembl:CHEMBL504256,FANGCHINOLINE
rxcui:6024,ISOETHARINE MESYLATE
rxcui:1482501,ESLICARBAZEPINE ACETATE
UPHENO:0079824,decreased role independent continuant level
chembl:CHEMBL267633,NEUROPEPTIDE-Y
chembl:CHEMBL533293,CHEMBL:CHEMBL533293
chembl:CHEMBL590168,CHEMBL:CHEMBL590168
UPHENO:0079844,abnormal physical aggression behavior
rxcui:2002,CARBAMAZEPINE
rxcui:1368130,APIGENIN
chembl:CHEMBL1392894,CHEMBL:CHEMBL1392894
chembl:CHEMBL1797712,CHEMBL:CHEMBL1797712
chembl:CHEMBL1795737,CHEMBL:CHEMBL1795737
ncit:C107684,PI3KBETA INHIBITOR AZD8186
HGNC:7219,MPP1
rxcui:1919083,MIDOSTAURIN
chembl:CHEMBL1256910,TREQUINSIN HYDROCHLORIDE
ncit:C1195,PICEATANNOL
drugbank:DB05263,CAPROSPINOL
ncit:C550,HYCANTHONE
iuphar.ligand:5714,NVP-TAE684
rxcui:4448,FLOXACILLIN
ncit:C172382,MEK 1/2 INHIBITOR FCN-159
rxcui:6378,LEVORPHANOL
HGNC:795,ATM
CHEBI:33572,resorcinols
chembl:CHEMBL529918,CHEMBL:CHEMBL529918
MONDO:0016621,juvenile Huntington disease
rxcui:6026,ISOFLURANE
ncit:C77588,CANERTINIB
iuphar.ligand:7962,MK-2461
rxcui:495881,SORAFENIB
rxcui:3255,DESOXIMETASONE
drugbank:DB11752,BRYOSTATIN 1
HP:0031629,Impaired tandem gait
rxcui:68244,LAMIVUDINE
rxcui:4780,OXYTETRACYCLINE HYDROCHLORIDE
chembl:CHEMBL486231,GS-461203
ncit:C80579,FAXELADOL
ncit:C2201,MTOR INHIBITOR
chembl:CHEMBL609606,CHEMBL:CHEMBL609606
rxcui:52582,MESALAMINE
rxcui:1597876,NIVOLUMAB
rxcui:106558,PROCAINE HYDROCHLORIDE
ncit:C62526,INIPARIB
chembl:CHEMBL2109574,ASG-5ME
rxcui:10756,TRIACETIN
HP:0031847,Difficulty walking backward
iuphar.ligand:372,2-CHLOROADENOSINE
rxcui:2623,CLOTRIMAZOLE
rxcui:203213,EPIRUBICIN HYDROCHLORIDE
chembl:CHEMBL2107771,RALFINAMIDE
rxcui:31983,NORETHINDRONE ACETATE
rxcui:1098,ARGIPRESSIN
rxcui:738,INAMRINONE
HP:0032104,Saccadic oscillation
HGNC:4326,GLRA1
ncit:C62502,BARASERTIB
ncit:C82294,ZOTAROLIMUS
MONDO:0011963,Joubert syndrome 2
UPHENO:0079836,abnormal agitation behavior
rxcui:33764,PIRARUBICIN
rxcui:1828,BUSULFAN
chembl:CHEMBL3137310,BENZHYDROCODONE HYDROCHLORIDE
HGNC:9305,PPP2R2B
rxcui:1312397,REGORAFENIB
chembl:CHEMBL582699,CHEMBL:CHEMBL582699
HGNC:620,APP
rxcui:6677,MECLOFENAMATE SODIUM
ncit:C65960,IRAMPANEL
CHEBI:139592,tertiary alpha-hydroxy ketone
HGNC:5173,HRAS
Reactome:R-CFA-611105,Respiratory electron transport
drugbank:DB13875,HARMALINE
MONDO:0009319,pantothenate kinase-associated neurodegeneration
chembl:CHEMBL403989,TG100-801
rxcui:714438,PAZOPANIB
ncit:C49061,RIDAFOROLIMUS
drugbank:DB01852,KAEMPHEROL
rxcui:4099,"ESTROGENS, CONJUGATED (USP)"
chembl:CHEMBL1911631,YUANHUADINE
chembl:CHEMBL2333547,ARISTOLACTONE
drugbank:DB16774,TYRPHOSTIN B48
HGNC:11584,TBK1
Reactome:R-SSC-211945,Phase I - Functionalization of compounds
rxcui:37418,SUMATRIPTAN
ncit:C91731,APITOLISIB
chembl:CHEMBL530361,CHEMBL:CHEMBL530361
rxcui:20859,CHLOROPROCAINE
MONDO:0018591,ITM2B amyloidosis
rxcui:2369389,RIPRETINIB
